Date,S&P PUT-CALL RATIO,S&P PUT VOLUME,S&P CALL VOLUME,PREV. DAY OPEN INTEREST
2016-12-09,1.08,837914.0,772896.0,1610810.0
2016-12-08,0.89,872282.0,985257.0,1857539.0
2016-12-07,0.91,828439.0,906404.0,1734843.0
2016-12-06,1.16,522861.0,451240.0,974101.0
2016-12-05,1.21,544941.0,450221.0,995162.0
2016-12-02,1.26,615379.0,487803.0,1103182.0
2016-12-01,1.46,560148.0,384851.0,944999.0
2016-11-30,1.26,706061.0,558685.0,1264746.0
2016-11-29,1.66,544942.0,328761.0,873703.0
2016-11-28,1.63,568415.0,348872.0,917287.0
2016-11-25,1.1,564992.0,512045.0,1077037.0
2016-11-23,1.42,624906.0,440059.0,1064965.0
2016-11-22,1.49,759805.0,508661.0,1268466.0
2016-11-21,1.26,701045.0,556439.0,1257484.0
2016-11-18,1.43,778315.0,544344.0,1322659.0
2016-11-17,1.14,722037.0,634440.0,1356477.0
2016-11-16,1.18,813866.0,687627.0,1501493.0
2016-11-15,1.35,712244.0,528787.0,1241031.0
2016-11-14,1.24,832827.0,674252.0,1507079.0
2016-11-11,1.86,941099.0,505643.0,1446742.0
2016-11-10,1.33,1070805.0,807937.0,1878742.0
2016-11-09,1.55,1416756.0,916089.0,2332845.0
2016-11-08,2.14,1097807.0,513038.0,1610845.0
2016-11-07,1.78,1022098.0,573939.0,1596037.0
2016-11-04,1.99,1205847.0,605009.0,1810856.0
2016-11-03,1.87,992063.0,529812.0,1521875.0
2016-11-02,1.63,855849.0,524366.0,1380215.0
2016-11-01,1.95,902846.0,462656.0,1365502.0
2016-10-31,1.81,613390.0,338203.0,951593.0
2016-10-28,1.83,887234.0,484537.0,1371771.0
2016-10-27,1.48,626043.0,423775.0,1049818.0
2016-10-26,1.43,561572.0,391786.0,953358.0
2016-10-25,2.03,528680.0,260628.0,789308.0
2016-10-24,2.22,586137.0,263491.0,849628.0
2016-10-21,1.96,873516.0,445291.0,1318807.0
2016-10-20,1.46,661046.0,452834.0,1113880.0
2016-10-19,1.57,740025.0,470432.0,1210457.0
2016-10-18,1.48,684639.0,463394.0,1148033.0
2016-10-17,1.65,567441.0,344373.0,911814.0
2016-10-14,1.69,757288.0,447734.0,1205022.0
2016-10-13,1.55,765153.0,494623.0,1259776.0
2016-10-12,1.95,731054.0,375314.0,1106368.0
2016-10-11,1.64,887503.0,539881.0,1427384.0
2016-10-10,1.67,609545.0,365785.0,975330.0
2016-10-07,1.85,778738.0,421600.0,1200338.0
2016-10-06,1.9,515209.0,271754.0,786963.0
2016-10-05,1.74,467048.0,267993.0,735041.0
2016-10-04,1.62,641198.0,397002.0,1038200.0
2016-10-03,1.97,606728.0,308035.0,914763.0
2016-09-30,1.69,776345.0,458399.0,1234744.0
2016-09-29,1.8,881446.0,489364.0,1370810.0
2016-09-28,1.45,619819.0,426629.0,1046448.0
2016-09-27,1.66,601373.0,361246.0,962619.0
2016-09-26,1.78,712461.0,400177.0,1112638.0
2016-09-23,2.11,879662.0,416607.0,1296269.0
2016-09-22,1.73,1041212.0,601856.0,1643068.0
2016-09-21,1.94,1026175.0,529095.0,1555270.0
2016-09-20,1.53,518987.0,340174.0,859161.0
2016-09-19,1.65,604994.0,365907.0,970901.0
2016-09-16,1.63,901128.0,552775.0,1453903.0
2016-09-15,1.56,771292.0,494751.0,1266043.0
2016-09-14,1.51,840196.0,555329.0,1395525.0
2016-09-13,1.65,831481.0,505205.0,1336686.0
2016-09-12,1.44,1191102.0,827291.0,2018393.0
2016-09-09,2.04,1436824.0,705554.0,2142378.0
2016-09-08,1.88,682940.0,364143.0,1047083.0
2016-09-07,2.07,724475.0,350128.0,1074603.0
2016-09-06,1.45,700638.0,484858.0,1185496.0
2016-09-02,2.16,843061.0,390174.0,1233235.0
2016-09-01,2.08,689843.0,331340.0,1021183.0
2016-08-31,2.21,745257.0,337666.0,1082923.0
2016-08-30,1.63,619229.0,379478.0,998707.0
2016-08-29,1.45,592849.0,407752.0,1000601.0
2016-08-26,1.53,865412.0,565116.0,1430528.0
2016-08-25,1.88,646075.0,344321.0,990396.0
2016-08-24,1.53,744318.0,487994.0,1232312.0
2016-08-23,1.45,597497.0,411191.0,1008688.0
2016-08-22,1.51,508590.0,335949.0,844539.0
2016-08-19,1.83,711116.0,388457.0,1099573.0
2016-08-18,1.5,565163.0,376927.0,942090.0
2016-08-17,1.57,712116.0,454815.0,1166931.0
2016-08-16,1.56,644833.0,413138.0,1057971.0
2016-08-15,1.34,589156.0,440703.0,1029859.0
2016-08-12,1.38,581738.0,420507.0,1002245.0
2016-08-11,1.57,529780.0,337239.0,867019.0
2016-08-10,1.5,568505.0,379127.0,947632.0
2016-08-09,1.59,510331.0,321186.0,831517.0
2016-08-08,1.43,591667.0,413190.0,1004857.0
2016-08-05,1.47,904559.0,615767.0,1520326.0
2016-08-04,1.69,475477.0,280945.0,756422.0
2016-08-03,2.05,479452.0,233905.0,713357.0
2016-08-02,1.59,592310.0,372001.0,964311.0
2016-08-01,1.84,571530.0,311366.0,882896.0
2016-07-29,1.64,843575.0,513601.0,1357176.0
2016-07-28,1.42,712362.0,500676.0,1213038.0
2016-07-27,1.38,529026.0,383963.0,912989.0
2016-07-26,1.42,405430.0,284899.0,690329.0
2016-07-25,1.37,509429.0,372164.0,881593.0
2016-07-22,1.67,645516.0,386869.0,1032385.0
2016-07-21,1.66,568146.0,342463.0,910609.0
2016-07-20,1.18,863611.0,730049.0,1593660.0
2016-07-19,1.58,492177.0,311167.0,803344.0
2016-07-18,1.47,623780.0,423310.0,1047090.0
2016-07-15,1.57,740652.0,472181.0,1212833.0
2016-07-14,0.92,782196.0,846927.0,1629123.0
2016-07-13,1.23,650390.0,527134.0,1177524.0
2016-07-12,1.08,869858.0,808355.0,1678213.0
2016-07-11,0.98,815180.0,835478.0,1650658.0
2016-07-08,1.03,975363.0,943202.0,1918565.0
2016-07-07,1.44,692448.0,482490.0,1174938.0
2016-07-06,1.64,727611.0,442861.0,1170472.0
2016-07-05,2.2,745175.0,338910.0,1084085.0
2016-07-01,1.79,970321.0,541260.0,1511581.0
2016-06-30,1.54,1253489.0,811693.0,2065182.0
2016-06-29,1.6,1197790.0,747298.0,1945088.0
2016-06-28,1.54,1030103.0,668173.0,1698276.0
2016-06-27,1.56,1317964.0,843796.0,2161760.0
2016-06-24,2.02,1453818.0,720750.0,2174568.0
2016-06-23,1.81,815955.0,450992.0,1266947.0
2016-06-22,1.54,841106.0,546273.0,1387379.0
2016-06-21,2.09,780302.0,373217.0,1153519.0
2016-06-20,1.79,666496.0,373035.0,1039531.0
2016-06-17,1.92,891012.0,463144.0,1354156.0
2016-06-16,1.88,998495.0,529840.0,1528335.0
2016-06-15,2.32,962192.0,414174.0,1376366.0
2016-06-14,2.06,951893.0,462942.0,1414835.0
2016-06-13,2.01,782198.0,389241.0,1171439.0
2016-06-10,1.78,812123.0,455308.0,1267431.0
2016-06-09,1.56,543939.0,348061.0,892000.0
2016-06-08,1.39,560169.0,402244.0,962413.0
2016-06-07,1.24,741548.0,598463.0,1340011.0
2016-06-06,1.52,742674.0,489723.0,1232397.0
2016-06-03,1.29,755008.0,584524.0,1339532.0
2016-06-02,1.48,532326.0,360359.0,892685.0
2016-06-01,1.71,705686.0,413351.0,1119037.0
2016-05-31,1.7,771157.0,453232.0,1224389.0
2016-05-27,1.51,675694.0,446828.0,1122522.0
2016-05-26,1.53,601891.0,393811.0,995702.0
2016-05-25,1.21,699398.0,578386.0,1277784.0
2016-05-24,1.6,782438.0,490285.0,1272723.0
2016-05-23,1.99,582556.0,293163.0,875719.0
2016-05-20,1.5,662266.0,440569.0,1102835.0
2016-05-19,1.86,917745.0,493876.0,1411621.0
2016-05-18,1.61,770399.0,478260.0,1248659.0
2016-05-17,1.58,651355.0,412091.0,1063446.0
2016-05-16,1.43,457099.0,319626.0,776725.0
2016-05-13,2.08,719482.0,346463.0,1065945.0
2016-05-12,1.97,556179.0,282524.0,838703.0
2016-05-11,1.84,657576.0,356890.0,1014466.0
2016-05-10,1.55,593815.0,383914.0,977729.0
2016-05-09,2.36,432894.0,183664.0,616558.0
2016-05-06,1.72,819710.0,475669.0,1295379.0
2016-05-05,2.01,564601.0,280431.0,845032.0
2016-05-04,1.28,599377.0,467447.0,1066824.0
2016-05-03,1.99,570835.0,286825.0,857660.0
2016-05-02,1.5,342324.0,227673.0,569997.0
2016-04-29,1.65,884981.0,537897.0,1422878.0
2016-04-28,1.52,552885.0,363649.0,916534.0
2016-04-27,1.52,485359.0,318662.0,804021.0
2016-04-26,1.42,363178.0,255393.0,618571.0
2016-04-25,1.49,372711.0,250564.0,623275.0
2016-04-22,2.06,671934.0,326076.0,998010.0
2016-04-21,1.6,610078.0,381638.0,991716.0
2016-04-20,1.61,951057.0,590368.0,1541425.0
2016-04-19,1.21,609118.0,502711.0,1111829.0
2016-04-18,1.93,464814.0,240951.0,705765.0
2016-04-15,1.78,614376.0,345668.0,960044.0
2016-04-14,1.15,652522.0,566377.0,1218899.0
2016-04-13,1.05,591555.0,563531.0,1155086.0
2016-04-12,1.43,439135.0,306927.0,746062.0
2016-04-11,1.65,442406.0,268837.0,711243.0
2016-04-08,1.9,583173.0,306277.0,889450.0
2016-04-07,1.56,568776.0,365374.0,934150.0
2016-04-06,1.78,488186.0,273590.0,761776.0
2016-04-05,1.71,462337.0,270930.0,733267.0
2016-04-04,1.42,450412.0,318252.0,768664.0
2016-04-01,1.47,643106.0,438850.0,1081956.0
2016-03-31,1.89,639176.0,338146.0,977322.0
2016-03-30,1.11,809817.0,729378.0,1539195.0
2016-03-29,1.46,486866.0,332503.0,819369.0
2016-03-28,1.66,385512.0,232832.0,618344.0
2016-03-24,1.85,712949.0,384487.0,1097436.0
2016-03-23,1.42,564915.0,398280.0,963195.0
2016-03-22,1.56,510229.0,326317.0,836546.0
2016-03-21,1.54,497790.0,323121.0,820911.0
2016-03-18,1.33,712080.0,533931.0,1246011.0
2016-03-17,1.06,837080.0,789924.0,1627004.0
2016-03-16,1.54,801723.0,520404.0,1322127.0
2016-03-15,1.33,512882.0,385706.0,898588.0
2016-03-14,1.5,471223.0,314004.0,785227.0
2016-03-11,1.2,784866.0,653788.0,1438654.0
2016-03-10,1.75,687714.0,393681.0,1081395.0
2016-03-09,1.5,566937.0,378964.0,945901.0
2016-03-08,1.79,566910.0,317573.0,884483.0
2016-03-07,1.77,477861.0,269380.0,747241.0
2016-03-04,1.19,810738.0,678829.0,1489567.0
2016-03-03,1.25,688729.0,549088.0,1237817.0
2016-03-02,1.79,698228.0,390087.0,1088315.0
2016-03-01,1.25,709951.0,567921.0,1277872.0
2016-02-29,1.84,652667.0,354876.0,1007543.0
2016-02-26,1.55,735972.0,474193.0,1210165.0
2016-02-25,1.79,585706.0,327326.0,913032.0
2016-02-24,1.87,655794.0,350802.0,1006596.0
2016-02-23,2.52,643698.0,255670.0,899368.0
2016-02-22,1.76,732131.0,416528.0,1148659.0
2016-02-19,2.12,758179.0,357427.0,1115606.0
2016-02-18,1.72,785986.0,456657.0,1242643.0
2016-02-17,1.9,1077143.0,566865.0,1644008.0
2016-02-16,1.91,731364.0,382572.0,1113936.0
2016-02-12,1.91,898249.0,470100.0,1368349.0
2016-02-11,1.93,903969.0,467733.0,1371702.0
2016-02-10,1.84,614631.0,334503.0,949134.0
2016-02-09,1.99,680921.0,341790.0,1022711.0
2016-02-08,1.89,898356.0,474557.0,1372913.0
2016-02-05,1.79,797204.0,444857.0,1242061.0
2016-02-04,2.21,593813.0,268927.0,862740.0
2016-02-03,1.7,704897.0,414043.0,1118940.0
2016-02-02,1.73,563898.0,325791.0,889689.0
2016-02-01,1.72,571148.0,331810.0,902958.0
2016-01-29,1.47,881355.0,599208.0,1480563.0
2016-01-28,1.84,515637.0,280918.0,796555.0
2016-01-27,1.53,528866.0,345991.0,874857.0
2016-01-26,1.22,447852.0,367919.0,815771.0
2016-01-25,1.6,501222.0,312800.0,814022.0
2016-01-22,1.65,767356.0,466231.0,1233587.0
2016-01-21,1.61,920626.0,571093.0,1491719.0
2016-01-20,2.39,1669037.0,696907.0,2365944.0
2016-01-19,1.94,661648.0,341177.0,1002825.0
2016-01-15,2.28,1107532.0,484893.0,1592425.0
2016-01-14,1.8,1118806.0,622818.0,1741624.0
2016-01-13,2.11,886075.0,420682.0,1306757.0
2016-01-12,1.7,693482.0,407329.0,1100811.0
2016-01-11,2.61,1089364.0,417192.0,1506556.0
2016-01-08,2.22,1075158.0,485110.0,1560268.0
2016-01-07,2.24,1180915.0,527000.0,1707915.0
2016-01-06,1.87,724616.0,387728.0,1112344.0
2016-01-05,2.04,584610.0,286672.0,871282.0
2016-01-04,1.78,835105.0,469456.0,1304561.0
2015-12-31,1.97,625693.0,318189.0,943882.0
2015-12-30,2.39,454520.0,190177.0,644697.0
2015-12-29,1.74,466358.0,268121.0,734479.0
2015-12-28,1.85,307101.0,165773.0,472874.0
2015-12-24,1.92,303930.0,158106.0,462036.0
2015-12-23,1.64,629289.0,382719.0,1012008.0
2015-12-22,2.03,584328.0,287400.0,871728.0
2015-12-21,1.88,523963.0,278346.0,802309.0
2015-12-18,2.14,787530.0,368403.0,1155933.0
2015-12-17,1.64,790497.0,480548.0,1271045.0
2015-12-16,1.63,801324.0,492214.0,1293538.0
2015-12-15,1.77,696706.0,393204.0,1089910.0
2015-12-14,2.59,972931.0,375229.0,1348160.0
2015-12-11,2.11,1154944.0,547025.0,1701969.0
2015-12-10,1.98,668619.0,337794.0,1006413.0
2015-12-09,1.7,672858.0,396764.0,1069622.0
2015-12-08,1.38,388801.0,282197.0,670998.0
2015-12-07,2.03,477851.0,234893.0,712744.0
2015-12-04,1.66,815896.0,492348.0,1308244.0
2015-12-03,2.06,929023.0,450050.0,1379073.0
2015-12-02,1.78,696404.0,391935.0,1088339.0
2015-12-01,2.18,561897.0,257973.0,819870.0
2015-11-30,2.62,689134.0,262634.0,951768.0
2015-11-27,2.13,438313.0,205494.0,643807.0
2015-11-25,2.28,524840.0,230078.0,754918.0
2015-11-24,2.44,596111.0,243825.0,839936.0
2015-11-23,2.68,550844.0,205706.0,756550.0
2015-11-20,2.11,682116.0,323574.0,1005690.0
2015-11-19,1.48,577087.0,389774.0,966861.0
2015-11-18,2.21,923117.0,418173.0,1341290.0
2015-11-17,1.88,596520.0,317771.0,914291.0
2015-11-16,1.8,745756.0,415416.0,1161172.0
2015-11-13,2.15,1222187.0,567649.0,1789836.0
2015-11-12,2.2,821698.0,373976.0,1195674.0
2015-11-11,2.15,384772.0,178899.0,563671.0
2015-11-10,1.41,350817.0,248633.0,599450.0
2015-11-09,2.53,830990.0,328662.0,1159652.0
2015-11-06,1.85,880196.0,476336.0,1356532.0
2015-11-05,2.17,624796.0,287551.0,912347.0
2015-11-04,1.53,515845.0,337604.0,853449.0
2015-11-03,1.21,698795.0,577052.0,1275847.0
2015-11-02,1.54,485346.0,315874.0,801220.0
2015-10-30,1.95,788904.0,404369.0,1193273.0
2015-10-29,1.19,802555.0,672738.0,1475293.0
2015-10-28,1.24,590787.0,475526.0,1066313.0
2015-10-27,1.88,516973.0,274749.0,791722.0
2015-10-26,1.43,362508.0,252878.0,615386.0
2015-10-23,1.1,940953.0,858823.0,1799776.0
2015-10-22,1.25,703100.0,563859.0,1266959.0
2015-10-21,1.98,654047.0,331005.0,985052.0
2015-10-20,1.72,530750.0,309093.0,839843.0
2015-10-19,1.55,516859.0,333994.0,850853.0
2015-10-16,2.11,600970.0,284694.0,885664.0
2015-10-15,1.73,726176.0,419233.0,1145409.0
2015-10-14,1.74,703043.0,404598.0,1107641.0
2015-10-13,1.53,582410.0,380149.0,962559.0
2015-10-12,1.96,418624.0,214090.0,632714.0
2015-10-09,1.21,725735.0,599142.0,1324877.0
2015-10-08,1.36,671585.0,492709.0,1164294.0
2015-10-07,1.65,714718.0,431899.0,1146617.0
2015-10-06,1.77,624544.0,353493.0,978037.0
2015-10-05,1.52,738076.0,484312.0,1222388.0
2015-10-02,1.97,797636.0,403973.0,1201609.0
2015-10-01,1.58,562686.0,356365.0,919051.0
2015-09-30,1.52,600729.0,393959.0,994688.0
2015-09-29,1.87,679901.0,362800.0,1042701.0
2015-09-28,2.04,896283.0,439711.0,1335994.0
2015-09-25,2.08,783200.0,377298.0,1160498.0
2015-09-24,1.57,631425.0,402826.0,1034251.0
2015-09-23,1.51,599624.0,396198.0,995822.0
2015-09-22,1.65,687226.0,416893.0,1104119.0
2015-09-21,1.99,638901.0,320579.0,959480.0
2015-09-18,1.83,835855.0,456010.0,1291865.0
2015-09-17,1.48,742649.0,502115.0,1244764.0
2015-09-16,1.98,929029.0,469562.0,1398591.0
2015-09-15,1.45,644680.0,443678.0,1088358.0
2015-09-14,1.61,458985.0,285581.0,744566.0
2015-09-11,1.95,834139.0,428075.0,1262214.0
2015-09-10,1.76,705566.0,401398.0,1106964.0
2015-09-09,1.95,613649.0,315279.0,928928.0
2015-09-08,1.83,657876.0,359283.0,1017159.0
2015-09-04,2.87,988928.0,345173.0,1334101.0
2015-09-03,1.73,690016.0,398871.0,1088887.0
2015-09-02,2.48,725235.0,292644.0,1017879.0
2015-09-01,2.53,1037798.0,409810.0,1447608.0
2015-08-31,2.39,821145.0,343518.0,1164663.0
2015-08-28,2.13,868791.0,408681.0,1277472.0
2015-08-27,2.2,1224279.0,557050.0,1781329.0
2015-08-26,2.52,1447340.0,574290.0,2021630.0
2015-08-25,2.39,1439911.0,602432.0,2042343.0
2015-08-24,3.77,1978736.0,524873.0,2503609.0
2015-08-21,3.42,2312576.0,676857.0,2989433.0
2015-08-20,2.34,1359275.0,581975.0,1941250.0
2015-08-19,1.89,971127.0,514928.0,1486055.0
2015-08-18,1.57,501338.0,319422.0,820760.0
2015-08-17,1.51,482255.0,318562.0,800817.0
2015-08-14,2.26,570668.0,252936.0,823604.0
2015-08-13,2.17,564548.0,260085.0,824633.0
2015-08-12,1.91,860969.0,451786.0,1312755.0
2015-08-11,2.1,689019.0,328536.0,1017555.0
2015-08-10,1.85,496603.0,268869.0,765472.0
2015-08-07,2.06,866181.0,419724.0,1285905.0
2015-08-06,1.82,724607.0,397880.0,1122487.0
2015-08-05,2.1,448775.0,214053.0,662828.0
2015-08-04,2.12,376869.0,178053.0,554922.0
2015-08-03,1.86,535950.0,288574.0,824524.0
2015-07-31,2.26,663875.0,294281.0,958156.0
2015-07-30,1.42,432168.0,305144.0,737312.0
2015-07-29,1.75,460356.0,263240.0,723596.0
2015-07-28,1.9,577548.0,304107.0,881655.0
2015-07-27,2.43,771627.0,317165.0,1088792.0
2015-07-24,2.57,1015436.0,394892.0,1410328.0
2015-07-23,1.68,565254.0,337052.0,902306.0
2015-07-22,2.04,580781.0,284726.0,865507.0
2015-07-21,1.83,484429.0,264525.0,748954.0
2015-07-20,1.69,526200.0,310797.0,836997.0
2015-07-17,1.99,632086.0,316988.0,949074.0
2015-07-16,1.25,763738.0,612200.0,1375938.0
2015-07-15,1.58,546163.0,344618.0,890781.0
2015-07-14,1.52,514044.0,338021.0,852065.0
2015-07-13,2.12,785084.0,370682.0,1155766.0
2015-07-10,1.9,807304.0,424485.0,1231789.0
2015-07-09,2.29,742949.0,324976.0,1067925.0
2015-07-08,3.11,787358.0,253229.0,1040587.0
2015-07-07,1.64,723504.0,439936.0,1163440.0
2015-07-06,1.99,591618.0,297892.0,889510.0
2015-07-02,2.33,679304.0,291305.0,970609.0
2015-07-01,2.26,691104.0,305498.0,996602.0
2015-06-30,2.03,841998.0,413760.0,1255758.0
2015-06-29,2.63,1161392.0,442152.0,1603544.0
2015-06-26,1.87,684202.0,366378.0,1050580.0
2015-06-25,1.74,475257.0,273236.0,748493.0
2015-06-24,1.91,507046.0,265931.0,772977.0
2015-06-23,2.34,407139.0,174027.0,581166.0
2015-06-22,1.88,509817.0,271867.0,781684.0
2015-06-19,2.47,659634.0,266708.0,926342.0
2015-06-18,1.31,743906.0,569298.0,1313204.0
2015-06-17,2.15,589702.0,274872.0,864574.0
2015-06-16,1.58,456344.0,288588.0,744932.0
2015-06-15,1.8,531801.0,294662.0,826463.0
2015-06-12,1.91,699050.0,365477.0,1064527.0
2015-06-11,1.95,475568.0,243259.0,718827.0
2015-06-10,2.01,582371.0,289198.0,871569.0
2015-06-09,2.09,533464.0,255580.0,789044.0
2015-06-08,1.92,566791.0,294443.0,861234.0
2015-06-05,2.15,770510.0,358713.0,1129223.0
2015-06-04,2.98,897940.0,301140.0,1199080.0
2015-06-03,1.8,370701.0,205937.0,576638.0
2015-06-02,2.45,487200.0,199211.0,686411.0
2015-06-01,1.71,430782.0,251751.0,682533.0
2015-05-29,2.67,699302.0,262324.0,961626.0
2015-05-28,2.17,454184.0,209548.0,663732.0
2015-05-27,1.6,470704.0,293684.0,764388.0
2015-05-26,1.96,599426.0,305688.0,905114.0
2015-05-22,1.97,537103.0,272984.0,810087.0
2015-05-21,1.57,412380.0,263005.0,675385.0
2015-05-20,2.32,489025.0,210718.0,699743.0
2015-05-19,1.54,351924.0,228105.0,580029.0
2015-05-18,1.85,520762.0,281179.0,801941.0
2015-05-15,2.39,578090.0,241470.0,819560.0
2015-05-14,1.33,562169.0,424206.0,986375.0
2015-05-13,1.9,367605.0,192969.0,560574.0
2015-05-12,2.74,598879.0,218570.0,817449.0
2015-05-11,1.97,447549.0,227239.0,674788.0
2015-05-08,1.66,661166.0,398738.0,1059904.0
2015-05-07,1.66,515907.0,309952.0,825859.0
2015-05-06,1.86,614448.0,330094.0,944542.0
2015-05-05,2.14,488655.0,228035.0,716690.0
2015-05-04,2.38,448116.0,188339.0,636455.0
2015-05-01,1.87,694633.0,372035.0,1066668.0
2015-04-30,2.14,666001.0,310820.0,976821.0
2015-04-29,1.85,478893.0,259474.0,738367.0
2015-04-28,1.53,317604.0,207558.0,525162.0
2015-04-27,2.01,500823.0,248863.0,749686.0
2015-04-24,1.44,558373.0,386993.0,945366.0
2015-04-23,2.16,536192.0,248554.0,784746.0
2015-04-22,2.01,400890.0,199217.0,600107.0
2015-04-21,1.72,382469.0,222436.0,604905.0
2015-04-20,2.01,332148.0,165098.0,497246.0
2015-04-17,2.46,819693.0,333427.0,1153120.0
2015-04-16,1.62,463949.0,286843.0,750792.0
2015-04-15,1.53,594675.0,388759.0,983434.0
2015-04-14,1.9,443842.0,233525.0,677367.0
2015-04-13,1.55,424125.0,274456.0,698581.0
2015-04-10,2.04,667892.0,326646.0,994538.0
2015-04-09,1.88,473007.0,251393.0,724400.0
2015-04-08,2.17,385557.0,178080.0,563637.0
2015-04-07,1.58,413645.0,261044.0,674689.0
2015-04-06,2.09,400368.0,191699.0,592067.0
2015-04-02,1.9,467960.0,246850.0,714810.0
2015-04-01,2.23,589907.0,263953.0,853860.0
2015-03-31,1.69,424457.0,251322.0,675779.0
2015-03-30,2.12,536716.0,253252.0,789968.0
2015-03-27,1.89,584344.0,309385.0,893729.0
2015-03-26,1.82,682322.0,375404.0,1057726.0
2015-03-25,2.07,551465.0,265986.0,817451.0
2015-03-24,1.97,470538.0,239087.0,709625.0
2015-03-23,1.91,411746.0,215216.0,626962.0
2015-03-20,1.57,600028.0,383346.0,983374.0
2015-03-19,1.39,662196.0,474776.0,1136972.0
2015-03-18,2.21,810139.0,366202.0,1176341.0
2015-03-17,1.5,329087.0,218964.0,548051.0
2015-03-16,1.79,479579.0,267664.0,747243.0
2015-03-13,2.09,694944.0,331765.0,1026709.0
2015-03-12,1.9,466340.0,245455.0,711795.0
2015-03-11,2.26,548603.0,242495.0,791098.0
2015-03-10,1.67,723353.0,433070.0,1156423.0
2015-03-09,2.07,386090.0,186280.0,572370.0
2015-03-06,2.15,852724.0,397491.0,1250215.0
2015-03-05,2.04,339176.0,166609.0,505785.0
2015-03-04,1.98,466007.0,235383.0,701390.0
2015-03-03,2.54,462254.0,181981.0,644235.0
2015-03-02,1.97,398007.0,201838.0,599845.0
2015-02-27,2.03,650926.0,320577.0,971503.0
2015-02-26,1.97,375020.0,190112.0,565132.0
2015-02-25,1.89,554988.0,293878.0,848866.0
2015-02-24,2.08,615948.0,296780.0,912728.0
2015-02-23,1.55,374905.0,242287.0,617192.0
2015-02-20,1.78,586675.0,330429.0,917104.0
2015-02-19,1.46,596989.0,408788.0,1005777.0
2015-02-18,2.19,773750.0,352627.0,1126377.0
2015-02-17,1.74,482654.0,277384.0,760038.0
2015-02-13,1.97,718077.0,365246.0,1083323.0
2015-02-12,1.56,556697.0,356497.0,913194.0
2015-02-11,1.85,431492.0,233132.0,664624.0
2015-02-10,1.68,452752.0,268715.0,721467.0
2015-02-09,1.9,500183.0,263765.0,763948.0
2015-02-06,1.76,952765.0,540680.0,1493445.0
2015-02-05,1.73,510099.0,295066.0,805165.0
2015-02-04,2.25,444060.0,197209.0,641269.0
2015-02-03,1.94,631515.0,324970.0,956485.0
2015-02-02,1.63,517383.0,317856.0,835239.0
2015-01-30,2.53,848370.0,335027.0,1183397.0
2015-01-29,1.99,775728.0,390091.0,1165819.0
2015-01-28,1.78,516112.0,290123.0,806235.0
2015-01-27,1.85,460497.0,248562.0,709059.0
2015-01-26,1.8,402960.0,224307.0,627267.0
2015-01-23,1.93,765700.0,397370.0,1163070.0
2015-01-22,1.86,600534.0,322789.0,923323.0
2015-01-21,2.03,605587.0,298892.0,904479.0
2015-01-20,2.03,434068.0,213535.0,647603.0
2015-01-16,2.15,789481.0,366832.0,1156313.0
2015-01-15,1.71,703734.0,412082.0,1115816.0
2015-01-14,2.0,728716.0,365148.0,1093864.0
2015-01-13,1.58,556711.0,352775.0,909486.0
2015-01-12,2.39,422785.0,176786.0,599571.0
2015-01-09,2.04,685057.0,335827.0,1020884.0
2015-01-08,1.71,674509.0,393823.0,1068332.0
2015-01-07,1.59,593878.0,373175.0,967053.0
2015-01-06,1.92,754945.0,393452.0,1148397.0
2015-01-05,2.19,826362.0,377029.0,1203391.0
2015-01-02,2.6,789157.0,303486.0,1092643.0
2014-12-31,1.48,577288.0,391298.0,968586.0
2014-12-30,1.8,580701.0,321781.0,902482.0
2014-12-29,1.34,355021.0,265433.0,620454.0
2014-12-26,1.09,422639.0,386234.0,808873.0
2014-12-24,1.62,275937.0,169843.0,445780.0
2014-12-23,1.85,510516.0,276001.0,786517.0
2014-12-22,1.53,474255.0,308987.0,783242.0
2014-12-19,1.7,946019.0,557587.0,1503606.0
2014-12-18,1.05,764595.0,725399.0,1489994.0
2014-12-17,2.63,1081379.0,411255.0,1492634.0
2014-12-16,2.04,832336.0,408655.0,1240991.0
2014-12-15,2.46,913199.0,371125.0,1284324.0
2014-12-12,2.49,1072264.0,430079.0,1502343.0
2014-12-11,1.79,576418.0,321709.0,898127.0
2014-12-10,1.99,636595.0,319609.0,956204.0
2014-12-09,1.94,562163.0,289599.0,851762.0
2014-12-08,2.11,616730.0,291707.0,908437.0
2014-12-05,1.92,752576.0,391796.0,1144372.0
2014-12-04,1.77,495291.0,279695.0,774986.0
2014-12-03,1.24,380244.0,306697.0,686941.0
2014-12-02,2.01,395327.0,197016.0,592343.0
2014-12-01,2.48,517044.0,208067.0,725111.0
2014-11-28,2.31,524876.0,227338.0,752214.0
2014-11-26,1.58,409158.0,258151.0,667309.0
2014-11-25,2.07,409023.0,197803.0,606826.0
2014-11-24,1.68,389109.0,231246.0,620355.0
2014-11-21,1.58,718271.0,454439.0,1172710.0
2014-11-20,2.16,628570.0,290682.0,919252.0
2014-11-19,1.79,564394.0,314800.0,879194.0
2014-11-18,1.45,567894.0,391010.0,958904.0
2014-11-17,1.86,436488.0,235241.0,671729.0
2014-11-14,1.73,546986.0,316192.0,863178.0
2014-11-13,1.46,611926.0,418843.0,1030769.0
2014-11-12,1.32,427243.0,324780.0,752023.0
2014-11-11,1.66,397231.0,239760.0,636991.0
2014-11-10,1.53,474861.0,309617.0,784478.0
2014-11-07,1.64,576462.0,352177.0,928639.0
2014-11-06,1.24,535570.0,430195.0,965765.0
2014-11-05,1.47,468562.0,317994.0,786556.0
2014-11-04,1.4,388788.0,277736.0,666524.0
2014-11-03,1.63,595669.0,366193.0,961862.0
2014-10-31,1.04,896095.0,865128.0,1761223.0
2014-10-30,1.85,593449.0,320980.0,914429.0
2014-10-29,1.41,720535.0,510539.0,1231074.0
2014-10-28,1.66,726043.0,437977.0,1164020.0
2014-10-27,1.73,446703.0,257946.0,704649.0
2014-10-24,1.68,484745.0,288814.0,773559.0
2014-10-23,1.41,626925.0,444288.0,1071213.0
2014-10-22,2.22,865409.0,390312.0,1255721.0
2014-10-21,1.87,1035058.0,552970.0,1588028.0
2014-10-20,2.3,638039.0,277864.0,915903.0
2014-10-17,2.74,954826.0,348509.0,1303335.0
2014-10-16,2.13,1312033.0,614887.0,1926920.0
2014-10-15,2.46,1901959.0,774105.0,2676064.0
2014-10-14,2.4,1186923.0,494080.0,1681003.0
2014-10-13,2.38,1270411.0,533081.0,1803492.0
2014-10-10,2.44,1113738.0,457040.0,1570778.0
2014-10-09,2.09,795080.0,380568.0,1175648.0
2014-10-08,1.59,756594.0,475316.0,1231910.0
2014-10-07,2.09,605349.0,289557.0,894906.0
2014-10-06,2.05,473374.0,230905.0,704279.0
2014-10-03,2.02,707309.0,349946.0,1057255.0
2014-10-02,1.55,785525.0,506282.0,1291807.0
2014-10-01,1.83,884404.0,482995.0,1367399.0
2014-09-30,2.11,552515.0,262030.0,814545.0
2014-09-29,2.78,535942.0,192989.0,728931.0
2014-09-26,2.47,730548.0,296188.0,1026736.0
2014-09-25,1.79,719361.0,402419.0,1121780.0
2014-09-24,1.5,477349.0,318366.0,795715.0
2014-09-23,2.11,458258.0,217573.0,675831.0
2014-09-22,1.62,522038.0,321438.0,843476.0
2014-09-19,2.07,710750.0,343478.0,1054228.0
2014-09-18,1.57,557697.0,355465.0,913162.0
2014-09-17,1.49,555120.0,371817.0,926937.0
2014-09-16,1.4,483994.0,345070.0,829064.0
2014-09-15,2.19,511734.0,233310.0,745044.0
2014-09-12,2.07,729577.0,352447.0,1082024.0
2014-09-11,2.05,510311.0,248969.0,759280.0
2014-09-10,2.64,474155.0,179921.0,654076.0
2014-09-09,2.28,450614.0,197242.0,647856.0
2014-09-08,1.59,380953.0,239785.0,620738.0
2014-09-05,2.02,627981.0,310773.0,938754.0
2014-09-04,1.47,550182.0,375513.0,925695.0
2014-09-03,1.53,390117.0,254761.0,644878.0
2014-09-02,1.76,367277.0,208462.0,575739.0
2014-08-29,2.39,543310.0,227773.0,771083.0
2014-08-28,1.68,416379.0,247478.0,663857.0
2014-08-27,1.57,308872.0,196809.0,505681.0
2014-08-26,1.24,329947.0,266323.0,596270.0
2014-08-25,1.38,359675.0,259715.0,619390.0
2014-08-22,2.15,602436.0,280042.0,882478.0
2014-08-21,1.49,500747.0,336674.0,837421.0
2014-08-20,1.21,511149.0,422290.0,933439.0
2014-08-19,1.74,538864.0,308841.0,847705.0
2014-08-18,1.64,514947.0,314080.0,829027.0
2014-08-15,2.72,908469.0,334363.0,1242832.0
2014-08-14,1.84,594468.0,322255.0,916723.0
2014-08-13,1.53,459483.0,301285.0,760768.0
2014-08-12,1.79,600950.0,335051.0,936001.0
2014-08-11,2.06,491209.0,238046.0,729255.0
2014-08-08,2.18,726756.0,334012.0,1060768.0
2014-08-07,2.04,786975.0,386229.0,1173204.0
2014-08-06,2.22,547500.0,246158.0,793658.0
2014-08-05,2.36,603013.0,255745.0,858758.0
2014-08-04,2.7,676478.0,250467.0,926945.0
2014-08-01,2.36,1179694.0,500491.0,1680185.0
2014-07-31,1.95,988017.0,507209.0,1495226.0
2014-07-30,1.59,439519.0,276877.0,716396.0
2014-07-29,1.78,341154.0,191605.0,532759.0
2014-07-28,1.86,350412.0,188557.0,538969.0
2014-07-25,2.51,649891.0,258814.0,908705.0
2014-07-24,1.96,586755.0,299892.0,886647.0
2014-07-23,1.42,367996.0,258303.0,626299.0
2014-07-22,1.64,355484.0,216831.0,572315.0
2014-07-21,2.72,437612.0,160938.0,598550.0
2014-07-18,2.43,700430.0,288549.0,988979.0
2014-07-17,2.12,783129.0,369153.0,1152282.0
2014-07-16,2.24,764651.0,341401.0,1106052.0
2014-07-15,1.65,438173.0,265748.0,703921.0
2014-07-14,1.45,405099.0,279610.0,684709.0
2014-07-11,2.61,720769.0,275937.0,996706.0
2014-07-10,1.85,524277.0,282690.0,806967.0
2014-07-09,2.49,392675.0,157515.0,550190.0
2014-07-08,1.95,569337.0,292015.0,861352.0
2014-07-07,2.49,471621.0,189564.0,661185.0
2014-07-03,1.88,492167.0,261956.0,754123.0
2014-07-02,1.79,494182.0,276813.0,770995.0
2014-07-01,1.33,602641.0,452576.0,1055217.0
2014-06-30,2.31,493264.0,213567.0,706831.0
2014-06-27,2.01,524110.0,260376.0,784486.0
2014-06-26,2.07,446847.0,216351.0,663198.0
2014-06-25,2.05,382202.0,186721.0,568923.0
2014-06-24,1.89,498531.0,263329.0,761860.0
2014-06-23,2.02,375457.0,185477.0,560934.0
2014-06-20,1.89,641841.0,340278.0,982119.0
2014-06-19,1.55,703681.0,452927.0,1156608.0
2014-06-18,1.94,852245.0,439222.0,1291467.0
2014-06-17,1.88,541761.0,288270.0,830031.0
2014-06-16,2.15,443223.0,206001.0,649224.0
2014-06-13,1.81,484080.0,267852.0,751932.0
2014-06-12,1.73,501515.0,290130.0,791645.0
2014-06-11,1.54,390577.0,253892.0,644469.0
2014-06-10,1.66,459406.0,277407.0,736813.0
2014-06-09,1.2,461967.0,386120.0,848087.0
2014-06-06,1.36,684096.0,502929.0,1187025.0
2014-06-05,1.17,696200.0,594502.0,1290702.0
2014-06-04,1.35,430763.0,318383.0,749146.0
2014-06-03,1.99,393795.0,198245.0,592040.0
2014-06-02,1.67,467548.0,279271.0,746819.0
2014-05-30,1.47,478577.0,325702.0,804279.0
2014-05-29,1.02,463415.0,452256.0,915671.0
2014-05-28,1.72,401068.0,232814.0,633882.0
2014-05-27,1.9,474676.0,249249.0,723925.0
2014-05-23,1.31,455566.0,347853.0,803419.0
2014-05-22,1.53,369040.0,240673.0,609713.0
2014-05-21,2.16,670673.0,310986.0,981659.0
2014-05-20,2.15,421560.0,196209.0,617769.0
2014-05-19,2.2,356748.0,162028.0,518776.0
2014-05-16,1.73,583108.0,337975.0,921083.0
2014-05-15,1.47,783393.0,532711.0,1316104.0
2014-05-14,1.75,592626.0,337931.0,930557.0
2014-05-13,1.23,392833.0,318798.0,711631.0
2014-05-12,1.35,425203.0,315575.0,740778.0
2014-05-09,1.56,430956.0,276307.0,707263.0
2014-05-08,1.42,424687.0,299608.0,724295.0
2014-05-07,1.28,275867.0,214944.0,490811.0
2014-05-06,1.35,337141.0,249485.0,586626.0
2014-05-05,1.5,329243.0,220143.0,549386.0
2014-05-02,1.79,503623.0,280676.0,784299.0
2014-05-01,1.72,514562.0,299180.0,813742.0
2014-04-30,1.76,265108.0,151004.0,416112.0
2014-04-29,1.34,264942.0,197123.0,462065.0
2014-04-28,1.37,292751.0,214399.0,507150.0
2014-04-25,2.54,563814.0,221646.0,785460.0
2014-04-24,1.7,362648.0,213856.0,576504.0
2014-04-23,1.72,270329.0,157419.0,427748.0
2014-04-22,1.18,485764.0,410800.0,896564.0
2014-04-21,1.76,323904.0,183985.0,507889.0
2014-04-17,1.47,503179.0,341480.0,844659.0
2014-04-16,1.49,681250.0,458350.0,1139600.0
2014-04-15,1.54,577596.0,374710.0,952306.0
2014-04-14,2.62,571339.0,217709.0,789048.0
2014-04-11,1.95,901887.0,462832.0,1364719.0
2014-04-10,1.64,596914.0,363175.0,960089.0
2014-04-09,1.45,360852.0,248728.0,609580.0
2014-04-08,1.67,354733.0,212424.0,567157.0
2014-04-07,1.59,560916.0,353801.0,914717.0
2014-04-04,1.77,776521.0,437552.0,1214073.0
2014-04-03,1.21,377733.0,312567.0,690300.0
2014-04-02,1.13,395656.0,349643.0,745299.0
2014-04-01,2.16,485731.0,224810.0,710541.0
2014-03-31,1.39,374516.0,270271.0,644787.0
2014-03-28,1.89,602415.0,318836.0,921251.0
2014-03-27,1.63,464904.0,285929.0,750833.0
2014-03-26,1.95,530666.0,272239.0,802905.0
2014-03-25,1.79,328649.0,183927.0,512576.0
2014-03-24,1.85,451650.0,244383.0,696033.0
2014-03-21,1.97,604160.0,306939.0,911099.0
2014-03-20,1.71,593705.0,348153.0,941858.0
2014-03-19,1.42,542595.0,381996.0,924591.0
2014-03-18,1.87,572904.0,306326.0,879230.0
2014-03-17,1.52,385550.0,254046.0,639596.0
2014-03-14,2.55,762003.0,299191.0,1061194.0
2014-03-13,1.41,605376.0,428678.0,1034054.0
2014-03-12,1.76,437458.0,248781.0,686239.0
2014-03-11,1.42,462466.0,326466.0,788932.0
2014-03-10,2.28,408557.0,179556.0,588113.0
2014-03-07,1.75,623854.0,357255.0,981109.0
2014-03-06,1.66,557670.0,336568.0,894238.0
2014-03-05,2.02,501608.0,248170.0,749778.0
2014-03-04,1.81,566537.0,313324.0,879861.0
2014-03-03,2.28,538843.0,236234.0,775077.0
2014-02-28,1.4,685687.0,489876.0,1175563.0
2014-02-27,1.76,451195.0,255978.0,707173.0
2014-02-26,1.69,375111.0,222396.0,597507.0
2014-02-25,1.7,352779.0,207028.0,559807.0
2014-02-24,1.37,524973.0,382201.0,907174.0
2014-02-21,1.4,504055.0,359027.0,863082.0
2014-02-20,1.95,597476.0,305762.0,903238.0
2014-02-19,1.81,936367.0,517570.0,1453937.0
2014-02-18,1.31,402749.0,306819.0,709568.0
2014-02-14,1.35,618477.0,458790.0,1077267.0
2014-02-13,1.36,494334.0,363180.0,857514.0
2014-02-12,1.4,421141.0,301638.0,722779.0
2014-02-11,1.53,922815.0,603083.0,1525898.0
2014-02-10,1.5,366059.0,244722.0,610781.0
2014-02-07,1.46,669443.0,458204.0,1127647.0
2014-02-06,1.86,612734.0,329007.0,941741.0
2014-02-05,1.9,533267.0,280940.0,814207.0
2014-02-04,1.89,694022.0,367592.0,1061614.0
2014-02-03,1.85,1023168.0,553553.0,1576721.0
2014-01-31,2.05,709889.0,346653.0,1056542.0
2014-01-30,1.6,484484.0,302646.0,787130.0
2014-01-29,1.64,571683.0,348465.0,920148.0
2014-01-28,1.67,381944.0,228938.0,610882.0
2014-01-27,1.8,909561.0,503979.0,1413540.0
2014-01-24,1.97,968593.0,492746.0,1461339.0
2014-01-23,2.1,657220.0,313442.0,970662.0
2014-01-22,3.23,554191.0,171381.0,725572.0
2014-01-21,2.04,366668.0,180151.0,546819.0
2014-01-17,2.25,544058.0,241735.0,785793.0
2014-01-16,1.51,522985.0,346648.0,869633.0
2014-01-15,1.11,460807.0,416227.0,877034.0
2014-01-14,1.12,411956.0,369098.0,781054.0
2014-01-13,1.63,588770.0,360431.0,949201.0
2014-01-10,1.42,518662.0,365151.0,883813.0
2014-01-09,1.61,476895.0,296378.0,773273.0
2014-01-08,1.72,451134.0,262490.0,713624.0
2014-01-07,2.03,423099.0,208016.0,631115.0
2014-01-06,1.4,379739.0,271789.0,651528.0
2014-01-03,1.96,591825.0,302122.0,893947.0
2014-01-02,1.8,721118.0,399712.0,1120830.0
2013-12-31,1.04,426903.0,409330.0,836233.0
2013-12-30,1.32,390034.0,296526.0,686560.0
2013-12-27,1.06,410332.0,387838.0,798170.0
2013-12-26,1.08,355526.0,327728.0,683254.0
2013-12-24,1.25,248583.0,199520.0,448103.0
2013-12-23,1.4,374637.0,268369.0,643006.0
2013-12-20,2.08,888644.0,427333.0,1315977.0
2013-12-19,1.0,709530.0,707495.0,1417025.0
2013-12-18,1.34,832505.0,620438.0,1452943.0
2013-12-17,1.44,451088.0,312898.0,763986.0
2013-12-16,1.88,411281.0,218805.0,630086.0
2013-12-13,2.07,598034.0,288493.0,886527.0
2013-12-12,1.34,482297.0,359973.0,842270.0
2013-12-11,1.24,477402.0,384874.0,862276.0
2013-12-10,1.82,403429.0,222059.0,625488.0
2013-12-09,1.43,375099.0,261980.0,637079.0
2013-12-06,1.8,579979.0,321559.0,901538.0
2013-12-05,1.42,499987.0,351491.0,851478.0
2013-12-04,1.63,479711.0,293813.0,773524.0
2013-12-03,1.76,413417.0,234367.0,647784.0
2013-12-02,1.58,333647.0,210511.0,544158.0
2013-11-29,1.43,386789.0,270586.0,657375.0
2013-11-27,1.42,358884.0,251980.0,610864.0
2013-11-26,1.59,343574.0,216590.0,560164.0
2013-11-25,1.53,385723.0,251810.0,637533.0
2013-11-22,1.34,446745.0,334426.0,781171.0
2013-11-21,1.67,326152.0,195254.0,521406.0
2013-11-20,2.21,592367.0,267676.0,860043.0
2013-11-19,1.28,403464.0,314459.0,717923.0
2013-11-18,1.55,459202.0,296878.0,756080.0
2013-11-15,1.58,468072.0,296156.0,764228.0
2013-11-14,1.11,717887.0,644815.0,1362702.0
2013-11-13,1.34,477281.0,356610.0,833891.0
2013-11-12,0.97,442190.0,455745.0,897935.0
2013-11-11,1.16,328101.0,282210.0,610311.0
2013-11-08,1.74,524040.0,301165.0,825205.0
2013-11-07,1.57,497612.0,316566.0,814178.0
2013-11-06,1.37,343342.0,250407.0,593749.0
2013-11-05,1.32,319738.0,243121.0,562859.0
2013-11-04,1.69,321288.0,190082.0,511370.0
2013-11-01,1.58,411286.0,260153.0,671439.0
2013-10-31,1.59,421539.0,265634.0,687173.0
2013-10-30,1.39,598004.0,429420.0,1027424.0
2013-10-29,1.7,355301.0,209167.0,564468.0
2013-10-28,1.53,527937.0,343993.0,871930.0
2013-10-25,1.68,356483.0,212747.0,569230.0
2013-10-24,1.53,354899.0,231485.0,586384.0
2013-10-23,1.81,417911.0,231172.0,649083.0
2013-10-22,1.06,469767.0,444123.0,913890.0
2013-10-21,1.5,409258.0,272673.0,681931.0
2013-10-18,1.38,783635.0,568249.0,1351884.0
2013-10-17,1.24,912667.0,736275.0,1648942.0
2013-10-16,1.59,840864.0,529786.0,1370650.0
2013-10-15,1.48,556365.0,375255.0,931620.0
2013-10-14,1.44,546662.0,378660.0,925322.0
2013-10-11,1.9,588211.0,308838.0,897049.0
2013-10-10,1.45,694167.0,480045.0,1174212.0
2013-10-09,1.68,675931.0,401949.0,1077880.0
2013-10-08,1.59,640285.0,401970.0,1042255.0
2013-10-07,2.04,386981.0,189401.0,576382.0
2013-10-04,1.77,506533.0,285531.0,792064.0
2013-10-03,1.54,564293.0,365782.0,930075.0
2013-10-02,1.43,456204.0,318708.0,774912.0
2013-10-01,1.79,476134.0,266013.0,742147.0
2013-09-30,2.4,577741.0,240385.0,818126.0
2013-09-27,1.85,586718.0,317767.0,904485.0
2013-09-26,1.35,400638.0,295876.0,696514.0
2013-09-25,1.99,451853.0,227122.0,678975.0
2013-09-24,1.52,364334.0,239787.0,604121.0
2013-09-23,2.09,489928.0,233948.0,723876.0
2013-09-20,1.8,574639.0,319126.0,893765.0
2013-09-19,0.96,603757.0,629429.0,1233186.0
2013-09-18,1.04,744312.0,718486.0,1462798.0
2013-09-17,1.55,457244.0,294872.0,752116.0
2013-09-16,1.22,555268.0,453962.0,1009230.0
2013-09-13,1.45,354486.0,244399.0,598885.0
2013-09-12,1.4,431250.0,307066.0,738316.0
2013-09-11,1.4,598335.0,427608.0,1025943.0
2013-09-10,1.43,534100.0,372272.0,906372.0
2013-09-09,1.32,306055.0,231716.0,537771.0
2013-09-06,1.61,535437.0,333440.0,868877.0
2013-09-05,1.98,421359.0,212320.0,633679.0
2013-09-04,1.54,404240.0,261754.0,665994.0
2013-09-03,2.03,414491.0,204032.0,618523.0
2013-08-30,2.12,437133.0,206288.0,643421.0
2013-08-29,1.83,385188.0,210103.0,595291.0
2013-08-28,1.14,419545.0,367866.0,787411.0
2013-08-27,1.7,663285.0,389211.0,1052496.0
2013-08-26,2.0,275924.0,138126.0,414050.0
2013-08-23,2.1,399958.0,190691.0,590649.0
2013-08-22,1.7,404745.0,238528.0,643273.0
2013-08-21,2.41,740639.0,307312.0,1047951.0
2013-08-20,1.72,380219.0,220980.0,601199.0
2013-08-19,1.76,473073.0,268401.0,741474.0
2013-08-16,1.91,608286.0,319157.0,927443.0
2013-08-15,1.48,770838.0,519621.0,1290459.0
2013-08-14,1.73,437841.0,252411.0,690252.0
2013-08-13,1.28,373244.0,292642.0,665886.0
2013-08-12,1.46,286792.0,196353.0,483145.0
2013-08-09,2.1,459166.0,218132.0,677298.0
2013-08-08,1.35,374716.0,277454.0,652170.0
2013-08-07,1.67,335128.0,200512.0,535640.0
2013-08-06,2.77,423070.0,152573.0,575643.0
2013-08-05,1.58,379311.0,239525.0,618836.0
2013-08-02,1.74,521405.0,300242.0,821647.0
2013-08-01,1.25,578265.0,464309.0,1042574.0
2013-07-31,1.65,385451.0,233602.0,619053.0
2013-07-30,1.35,311831.0,231571.0,543402.0
2013-07-29,1.95,274317.0,140426.0,414743.0
2013-07-26,1.96,521981.0,266317.0,788298.0
2013-07-25,1.65,338525.0,204866.0,543391.0
2013-07-24,1.91,340841.0,178792.0,519633.0
2013-07-23,1.62,285296.0,175796.0,461092.0
2013-07-22,2.29,362466.0,158074.0,520540.0
2013-07-19,1.38,367196.0,266073.0,633269.0
2013-07-18,1.15,664644.0,578033.0,1242677.0
2013-07-17,1.45,552918.0,381114.0,934032.0
2013-07-16,1.74,485720.0,278637.0,764357.0
2013-07-15,1.22,507495.0,417599.0,925094.0
2013-07-12,1.35,515832.0,382307.0,898139.0
2013-07-11,1.2,685740.0,569656.0,1255396.0
2013-07-10,1.25,426578.0,341857.0,768435.0
2013-07-09,1.13,510859.0,451654.0,962513.0
2013-07-08,1.52,694510.0,457551.0,1152061.0
2013-07-05,1.5,425230.0,282846.0,708076.0
2013-07-03,1.81,270672.0,149868.0,420540.0
2013-07-02,1.32,443400.0,335533.0,778933.0
2013-07-01,1.71,408421.0,238851.0,647272.0
2013-06-28,1.73,449461.0,260501.0,709962.0
2013-06-27,1.72,597143.0,347190.0,944333.0
2013-06-26,1.48,471217.0,317710.0,788927.0
2013-06-25,2.0,493671.0,247229.0,740900.0
2013-06-24,1.46,822465.0,561780.0,1384245.0
2013-06-21,1.69,844834.0,499311.0,1344145.0
2013-06-20,1.76,1469513.0,835561.0,2305074.0
2013-06-19,1.75,622542.0,355825.0,978367.0
2013-06-18,1.1,396718.0,360485.0,757203.0
2013-06-17,1.48,432137.0,291076.0,723213.0
2013-06-14,1.66,555999.0,335712.0,891711.0
2013-06-13,1.59,556655.0,350014.0,906669.0
2013-06-12,1.88,481715.0,256650.0,738365.0
2013-06-11,1.84,422772.0,230004.0,652776.0
2013-06-10,1.8,307397.0,170570.0,477967.0
2013-06-07,1.58,601811.0,380689.0,982500.0
2013-06-06,1.86,905017.0,486259.0,1391276.0
2013-06-05,1.45,745536.0,515482.0,1261018.0
2013-06-04,1.79,403246.0,224691.0,627937.0
2013-06-03,1.19,452387.0,380664.0,833051.0
2013-05-31,1.83,623616.0,340128.0,963744.0
2013-05-30,1.87,391266.0,209098.0,600364.0
2013-05-29,1.35,383910.0,283397.0,667307.0
2013-05-28,1.6,345670.0,215898.0,561568.0
2013-05-24,2.14,517966.0,242561.0,760527.0
2013-05-23,1.51,538850.0,356478.0,895328.0
2013-05-22,1.33,825720.0,621603.0,1447323.0
2013-05-21,1.63,493460.0,302107.0,795567.0
2013-05-20,1.46,416825.0,284903.0,701728.0
2013-05-17,1.43,608728.0,425817.0,1034545.0
2013-05-16,1.55,645654.0,415677.0,1061331.0
2013-05-15,0.86,623485.0,723228.0,1346713.0
2013-05-14,1.07,747338.0,696834.0,1444172.0
2013-05-13,1.25,349061.0,279449.0,628510.0
2013-05-10,1.62,526026.0,325387.0,851413.0
2013-05-09,1.27,579500.0,457623.0,1037123.0
2013-05-08,1.06,525297.0,495794.0,1021091.0
2013-05-07,1.16,478332.0,411634.0,889966.0
2013-05-06,1.04,400965.0,386298.0,787263.0
2013-05-03,1.01,745784.0,739387.0,1485171.0
2013-05-02,1.68,514025.0,306464.0,820489.0
2013-05-01,1.56,414478.0,266133.0,680611.0
2013-04-30,1.66,304982.0,183399.0,488381.0
2013-04-29,1.68,317232.0,189288.0,506520.0
2013-04-26,1.54,416497.0,271235.0,687732.0
2013-04-25,1.44,361735.0,251545.0,613280.0
2013-04-24,1.3,352935.0,270831.0,623766.0
2013-04-23,1.29,468528.0,362758.0,831286.0
2013-04-22,1.73,353209.0,204424.0,557633.0
2013-04-19,1.54,483447.0,314527.0,797974.0
2013-04-18,1.43,792472.0,553424.0,1345896.0
2013-04-17,2.02,871324.0,431156.0,1302480.0
2013-04-16,1.31,382713.0,291257.0,673970.0
2013-04-15,1.9,716556.0,376410.0,1092966.0
2013-04-12,1.41,539069.0,381121.0,920190.0
2013-04-11,1.08,614517.0,569942.0,1184459.0
2013-04-10,1.01,609307.0,601305.0,1210612.0
2013-04-09,1.11,371366.0,335356.0,706722.0
2013-04-08,1.09,250579.0,230812.0,481391.0
2013-04-05,1.29,497606.0,387107.0,884713.0
2013-04-04,1.43,375268.0,262098.0,637366.0
2013-04-03,1.38,513230.0,371722.0,884952.0
2013-04-02,1.29,381275.0,294652.0,675927.0
2013-04-01,1.27,241378.0,189388.0,430766.0
2013-03-28,1.5,488275.0,325759.0,814034.0
2013-03-27,1.24,303568.0,244873.0,548441.0
2013-03-26,1.54,354998.0,230369.0,585367.0
2013-03-25,2.3,455940.0,198476.0,654416.0
2013-03-22,1.96,441725.0,225696.0,667421.0
2013-03-21,1.63,524743.0,321425.0,846168.0
2013-03-20,1.83,602303.0,329469.0,931772.0
2013-03-19,1.97,556288.0,282647.0,838935.0
2013-03-18,1.64,389644.0,237130.0,626774.0
2013-03-15,1.92,572256.0,297706.0,869962.0
2013-03-14,1.09,545989.0,499958.0,1045947.0
2013-03-13,1.15,397383.0,346186.0,743569.0
2013-03-12,1.38,664721.0,480605.0,1145326.0
2013-03-11,1.42,507572.0,357876.0,865448.0
2013-03-08,1.35,567653.0,421484.0,989137.0
2013-03-07,1.42,428378.0,301332.0,729710.0
2013-03-06,1.23,462890.0,376957.0,839847.0
2013-03-05,1.29,793697.0,617249.0,1410946.0
2013-03-04,2.19,515620.0,235395.0,751015.0
2013-03-01,1.99,559167.0,280745.0,839912.0
2013-02-28,1.84,466910.0,254246.0,721156.0
2013-02-27,1.8,609062.0,339237.0,948299.0
2013-02-26,1.79,689355.0,385358.0,1074713.0
2013-02-25,2.18,647909.0,297667.0,945576.0
2013-02-22,1.89,467426.0,247029.0,714455.0
2013-02-21,1.55,685814.0,442225.0,1128039.0
2013-02-20,2.13,577474.0,270751.0,848225.0
2013-02-19,1.89,541695.0,287156.0,828851.0
2013-02-15,2.08,616071.0,296357.0,912428.0
2013-02-14,1.4,476966.0,340183.0,817149.0
2013-02-13,1.86,523178.0,280999.0,804177.0
2013-02-12,1.4,418232.0,298764.0,716996.0
2013-02-11,1.99,420241.0,211170.0,631411.0
2013-02-08,1.57,488814.0,311547.0,800361.0
2013-02-07,1.75,414670.0,237035.0,651705.0
2013-02-06,1.86,349989.0,188308.0,538297.0
2013-02-05,1.73,363747.0,209831.0,573578.0
2013-02-04,1.96,436463.0,222697.0,659160.0
2013-02-01,1.94,591164.0,304750.0,895914.0
2013-01-31,1.98,337142.0,170691.0,507833.0
2013-01-30,2.43,422616.0,173641.0,596257.0
2013-01-29,1.78,483014.0,270758.0,753772.0
2013-01-28,1.55,319980.0,206154.0,526134.0
2013-01-25,1.29,436076.0,337388.0,773464.0
2013-01-24,1.3,637160.0,489743.0,1126903.0
2013-01-23,1.49,412315.0,276399.0,688714.0
2013-01-22,1.53,509126.0,332332.0,841458.0
2013-01-18,1.51,464799.0,307397.0,772196.0
2013-01-17,1.02,621876.0,607476.0,1229352.0
2013-01-16,1.85,612065.0,330892.0,942957.0
2013-01-15,1.8,444905.0,246769.0,691674.0
2013-01-14,1.56,403092.0,258555.0,661647.0
2013-01-11,1.36,409969.0,301329.0,711298.0
2013-01-10,1.19,426809.0,357414.0,784223.0
2013-01-09,1.33,443695.0,333733.0,777428.0
2013-01-08,2.08,443647.0,213792.0,657439.0
2013-01-07,1.45,464899.0,320674.0,785573.0
2013-01-04,1.0,377206.0,378756.0,755962.0
2013-01-03,1.22,508287.0,418010.0,926297.0
2013-01-02,1.48,680770.0,461360.0,1142130.0
2012-12-31,1.52,464831.0,305152.0,769983.0
2012-12-28,1.7,473715.0,278766.0,752481.0
2012-12-27,1.73,446604.0,258314.0,704918.0
2012-12-26,1.78,327177.0,183817.0,510994.0
2012-12-24,1.95,223778.0,114981.0,338759.0
2012-12-21,2.03,714265.0,352594.0,1066859.0
2012-12-20,1.46,725082.0,495047.0,1220129.0
2012-12-19,1.38,788931.0,570590.0,1359521.0
2012-12-18,1.09,560929.0,513834.0,1074763.0
2012-12-17,1.09,288637.0,265918.0,554555.0
2012-12-14,1.63,464941.0,285062.0,750003.0
2012-12-13,1.39,397410.0,286514.0,683924.0
2012-12-12,1.51,416912.0,276269.0,693181.0
2012-12-11,0.97,377884.0,389707.0,767591.0
2012-12-10,1.53,352353.0,230621.0,582974.0
2012-12-07,1.17,413497.0,354641.0,768138.0
2012-12-06,1.81,379862.0,209897.0,589759.0
2012-12-05,1.59,376166.0,235895.0,612061.0
2012-12-04,1.89,404039.0,213966.0,618005.0
2012-12-03,1.73,408202.0,236086.0,644288.0
2012-11-30,1.83,412814.0,225692.0,638506.0
2012-11-29,1.65,386965.0,234378.0,621343.0
2012-11-28,1.12,287358.0,255541.0,542899.0
2012-11-27,2.08,340538.0,163992.0,504530.0
2012-11-26,1.18,303458.0,257022.0,560480.0
2012-11-23,1.44,313037.0,217601.0,530638.0
2012-11-21,2.17,416851.0,192212.0,609063.0
2012-11-20,1.99,378477.0,189752.0,568229.0
2012-11-19,1.26,362980.0,287348.0,650328.0
2012-11-16,1.64,718021.0,438352.0,1156373.0
2012-11-15,1.86,956608.0,513844.0,1470452.0
2012-11-14,1.95,870293.0,446092.0,1316385.0
2012-11-13,1.28,435452.0,340352.0,775804.0
2012-11-12,1.69,459528.0,272427.0,731955.0
2012-11-09,2.15,811006.0,377073.0,1188079.0
2012-11-08,1.52,652297.0,427835.0,1080132.0
2012-11-07,1.22,632780.0,520237.0,1153017.0
2012-11-06,1.44,373618.0,258576.0,632194.0
2012-11-05,1.38,338350.0,245806.0,584156.0
2012-11-02,1.4,415171.0,297557.0,712728.0
2012-11-01,1.84,466306.0,253801.0,720107.0
2012-10-31,1.36,317199.0,232897.0,550096.0
2012-10-26,1.63,393371.0,241416.0,634787.0
2012-10-25,1.64,347371.0,211169.0,558540.0
2012-10-24,1.51,309059.0,204322.0,513381.0
2012-10-23,1.03,438420.0,425618.0,864038.0
2012-10-22,1.66,446603.0,269536.0,716139.0
2012-10-19,2.02,635710.0,315324.0,951034.0
2012-10-18,1.41,621782.0,442255.0,1064037.0
2012-10-17,1.74,664199.0,381280.0,1045479.0
2012-10-16,1.04,343439.0,331268.0,674707.0
2012-10-15,1.55,318494.0,205627.0,524121.0
2012-10-12,2.05,517186.0,252669.0,769855.0
2012-10-11,1.84,395525.0,214731.0,610256.0
2012-10-10,1.74,426158.0,244662.0,670820.0
2012-10-09,2.04,322534.0,158308.0,480842.0
2012-10-08,1.82,216152.0,118837.0,334989.0
2012-10-05,1.74,502377.0,289417.0,791794.0
2012-10-04,1.55,426880.0,275730.0,702610.0
2012-10-03,1.99,316797.0,159301.0,476098.0
2012-10-02,2.17,287641.0,132660.0,420301.0
2012-10-01,1.67,335502.0,201193.0,536695.0
2012-09-28,2.21,433680.0,195875.0,629555.0
2012-09-27,1.78,438713.0,245904.0,684617.0
2012-09-26,1.71,405307.0,237399.0,642706.0
2012-09-25,1.65,344159.0,209212.0,553371.0
2012-09-24,2.11,357006.0,168997.0,526003.0
2012-09-21,1.53,499524.0,327070.0,826594.0
2012-09-20,1.22,553308.0,454120.0,1007428.0
2012-09-19,1.42,568212.0,399070.0,967282.0
2012-09-18,1.38,441965.0,321351.0,763316.0
2012-09-17,1.33,355627.0,266972.0,622599.0
2012-09-14,0.99,616264.0,625390.0,1241654.0
2012-09-13,0.96,588093.0,610823.0,1198916.0
2012-09-12,1.2,370272.0,308221.0,678493.0
2012-09-11,1.8,484639.0,269520.0,754159.0
2012-09-10,1.98,423603.0,214323.0,637926.0
2012-09-07,1.64,576154.0,350839.0,926993.0
2012-09-06,1.21,494363.0,407435.0,901798.0
2012-09-05,2.06,302617.0,146658.0,449275.0
2012-09-04,1.35,280887.0,207973.0,488860.0
2012-08-31,1.66,339992.0,204530.0,544522.0
2012-08-30,1.51,367403.0,243725.0,611128.0
2012-08-29,1.74,216243.0,124121.0,340364.0
2012-08-28,1.78,241203.0,135872.0,377075.0
2012-08-27,1.86,220979.0,118963.0,339942.0
2012-08-24,1.56,305392.0,195752.0,501144.0
2012-08-23,1.63,414956.0,255242.0,670198.0
2012-08-22,2.03,387703.0,191364.0,579067.0
2012-08-21,1.26,393310.0,311473.0,704783.0
2012-08-20,2.41,493085.0,204565.0,697650.0
2012-08-17,1.56,349465.0,223340.0,572805.0
2012-08-16,1.08,671032.0,619681.0,1290713.0
2012-08-15,1.18,322606.0,273767.0,596373.0
2012-08-14,1.77,377466.0,213092.0,590558.0
2012-08-13,2.16,469853.0,217469.0,687322.0
2012-08-10,1.49,276529.0,185291.0,461820.0
2012-08-09,1.71,307588.0,180118.0,487706.0
2012-08-08,1.38,273479.0,197601.0,471080.0
2012-08-07,1.34,371909.0,276711.0,648620.0
2012-08-06,1.49,308304.0,207154.0,515458.0
2012-08-03,1.19,421775.0,353423.0,775198.0
2012-08-02,1.21,398118.0,329886.0,728004.0
2012-08-01,1.22,337866.0,277109.0,614975.0
2012-07-31,1.01,237823.0,234460.0,472283.0
2012-07-30,1.05,275513.0,262762.0,538275.0
2012-07-27,1.19,501491.0,420198.0,921689.0
2012-07-26,1.5,400811.0,266755.0,667566.0
2012-07-25,1.39,301199.0,217212.0,518411.0
2012-07-24,2.02,399102.0,197146.0,596248.0
2012-07-23,1.39,323316.0,232297.0,555613.0
2012-07-20,2.08,393538.0,189467.0,583005.0
2012-07-19,1.24,557620.0,450075.0,1007695.0
2012-07-18,1.42,590236.0,417100.0,1007336.0
2012-07-17,1.09,419415.0,386206.0,805621.0
2012-07-16,1.49,315117.0,211717.0,526834.0
2012-07-13,1.53,475514.0,310009.0,785523.0
2012-07-12,1.46,421251.0,287799.0,709050.0
2012-07-11,1.21,309215.0,254610.0,563825.0
2012-07-10,1.66,355399.0,213885.0,569284.0
2012-07-09,2.0,317832.0,159176.0,477008.0
2012-07-06,1.91,344554.0,180855.0,525409.0
2012-07-05,1.59,316550.0,199635.0,516185.0
2012-07-03,1.26,237293.0,187652.0,424945.0
2012-07-02,1.67,373245.0,223757.0,597002.0
2012-06-29,1.06,458030.0,431168.0,889198.0
2012-06-28,1.92,323178.0,168547.0,491725.0
2012-06-27,1.38,304131.0,220751.0,524882.0
2012-06-26,1.52,266720.0,176004.0,442724.0
2012-06-25,1.87,421838.0,225614.0,647452.0
2012-06-22,1.53,432543.0,282162.0,714705.0
2012-06-21,1.96,557610.0,284663.0,842273.0
2012-06-20,1.98,555690.0,281243.0,836933.0
2012-06-19,1.63,453948.0,278475.0,732423.0
2012-06-18,1.73,413287.0,238336.0,651623.0
2012-06-15,1.84,506441.0,274985.0,781426.0
2012-06-14,1.37,533086.0,389695.0,922781.0
2012-06-13,1.93,407820.0,211019.0,618839.0
2012-06-12,1.54,369393.0,239693.0,609086.0
2012-06-11,1.54,360169.0,234521.0,594690.0
2012-06-08,1.21,388015.0,320215.0,708230.0
2012-06-07,1.39,577814.0,414289.0,992103.0
2012-06-06,2.15,728974.0,339456.0,1068430.0
2012-06-05,2.17,510798.0,235014.0,745812.0
2012-06-04,2.14,563177.0,263113.0,826290.0
2012-06-01,2.6,903208.0,346801.0,1250009.0
2012-05-31,2.16,572154.0,264770.0,836924.0
2012-05-30,2.14,405552.0,189378.0,594930.0
2012-05-29,1.61,415369.0,258391.0,673760.0
2012-05-25,2.11,382297.0,181589.0,563886.0
2012-05-24,1.56,476179.0,305071.0,781250.0
2012-05-23,1.85,449951.0,242749.0,692700.0
2012-05-22,1.69,523212.0,310111.0,833323.0
2012-05-21,1.72,488733.0,283680.0,772413.0
2012-05-18,2.18,822209.0,377412.0,1199621.0
2012-05-17,2.5,1277102.0,511388.0,1788490.0
2012-05-16,2.3,914682.0,397267.0,1311949.0
2012-05-15,2.3,645851.0,280456.0,926307.0
2012-05-14,2.61,700412.0,268605.0,969017.0
2012-05-11,2.46,436861.0,177609.0,614470.0
2012-05-10,1.53,459189.0,299926.0,759115.0
2012-05-09,1.67,443306.0,265736.0,709042.0
2012-05-08,2.02,508453.0,252015.0,760468.0
2012-05-07,1.34,285072.0,212171.0,497243.0
2012-05-04,1.75,560798.0,319568.0,880366.0
2012-05-03,1.03,301964.0,293618.0,595582.0
2012-05-02,2.33,378016.0,162057.0,540073.0
2012-05-01,1.66,319161.0,191694.0,510855.0
2012-04-30,2.07,238740.0,115367.0,354107.0
2012-04-27,1.82,375948.0,206153.0,582101.0
2012-04-26,1.19,367636.0,309175.0,676811.0
2012-04-25,1.47,313709.0,213322.0,527031.0
2012-04-24,2.57,304053.0,118499.0,422552.0
2012-04-23,1.06,298679.0,280950.0,579629.0
2012-04-20,1.52,351092.0,230312.0,581404.0
2012-04-19,1.7,659809.0,389110.0,1048919.0
2012-04-18,2.66,621828.0,233555.0,855383.0
2012-04-17,1.47,432215.0,294270.0,726485.0
2012-04-16,1.56,402489.0,258127.0,660616.0
2012-04-13,2.15,432839.0,201372.0,634211.0
2012-04-12,1.93,481092.0,248738.0,729830.0
2012-04-11,1.97,448562.0,227469.0,676031.0
2012-04-10,1.56,688311.0,440298.0,1128609.0
2012-04-09,2.39,435601.0,182457.0,618058.0
2012-04-05,2.27,436801.0,192337.0,629138.0
2012-04-04,1.8,376078.0,209045.0,585123.0
2012-04-03,1.74,380053.0,218337.0,598390.0
2012-04-02,1.65,405147.0,245589.0,650736.0
2012-03-30,2.44,412520.0,169010.0,581530.0
2012-03-29,1.7,449344.0,264193.0,713537.0
2012-03-28,2.57,492669.0,191562.0,684231.0
2012-03-27,2.49,459758.0,184327.0,644085.0
2012-03-26,1.73,381006.0,219938.0,600944.0
2012-03-23,2.49,393347.0,157917.0,551264.0
2012-03-22,2.41,454250.0,188344.0,642594.0
2012-03-21,2.78,570743.0,205561.0,776304.0
2012-03-20,2.19,422389.0,192814.0,615203.0
2012-03-19,1.39,415041.0,298022.0,713063.0
2012-03-16,2.07,446854.0,215532.0,662386.0
2012-03-15,1.22,523453.0,429411.0,952864.0
2012-03-14,1.03,426959.0,415293.0,842252.0
2012-03-13,1.35,582414.0,430649.0,1013063.0
2012-03-12,1.41,322989.0,228277.0,551266.0
2012-03-09,1.46,378303.0,259019.0,637322.0
2012-03-08,1.0,374323.0,374402.0,748725.0
2012-03-07,1.77,356837.0,201100.0,557937.0
2012-03-06,1.65,524728.0,318875.0,843603.0
2012-03-05,2.09,332238.0,158717.0,490955.0
2012-03-02,2.08,343214.0,165103.0,508317.0
2012-03-01,2.35,424793.0,180588.0,605381.0
2012-02-29,2.36,439058.0,186038.0,625096.0
2012-02-28,1.21,291743.0,241785.0,533528.0
2012-02-27,2.06,331661.0,161307.0,492968.0
2012-02-24,2.24,469397.0,209678.0,679075.0
2012-02-23,2.13,478566.0,224322.0,702888.0
2012-02-22,2.11,476652.0,226385.0,703037.0
2012-02-21,1.44,484034.0,335979.0,820013.0
2012-02-17,2.12,434173.0,204608.0,638781.0
2012-02-16,1.65,659238.0,399437.0,1058675.0
2012-02-15,2.41,925228.0,384411.0,1309639.0
2012-02-14,1.79,457109.0,255852.0,712961.0
2012-02-13,2.27,471351.0,207225.0,678576.0
2012-02-10,1.56,552782.0,354634.0,907416.0
2012-02-09,1.54,422001.0,274182.0,696183.0
2012-02-08,1.43,329159.0,229612.0,558771.0
2012-02-07,2.63,332697.0,126655.0,459352.0
2012-02-06,1.68,249977.0,148690.0,398667.0
2012-02-03,1.25,614365.0,491489.0,1105854.0
2012-02-02,1.97,276368.0,139944.0,416312.0
2012-02-01,1.59,425766.0,268494.0,694260.0
2012-01-31,1.59,235677.0,147843.0,383520.0
2012-01-30,1.93,299306.0,155123.0,454429.0
2012-01-27,1.75,361037.0,205849.0,566886.0
2012-01-26,1.98,474526.0,240072.0,714598.0
2012-01-25,1.68,276773.0,164588.0,441361.0
2012-01-24,1.9,247426.0,129967.0,377393.0
2012-01-23,2.23,367067.0,164730.0,531797.0
2012-01-20,2.19,455866.0,208625.0,664491.0
2012-01-19,1.15,581422.0,505041.0,1086463.0
2012-01-18,1.61,815717.0,505971.0,1321688.0
2012-01-17,1.44,409240.0,284696.0,693936.0
2012-01-13,1.72,392713.0,228687.0,621400.0
2012-01-12,1.58,349105.0,221225.0,570330.0
2012-01-11,1.94,342948.0,176744.0,519692.0
2012-01-10,1.44,376699.0,261146.0,637845.0
2012-01-09,1.89,339113.0,179158.0,518271.0
2012-01-06,1.45,337757.0,233240.0,570997.0
2012-01-05,1.69,293902.0,173680.0,467582.0
2012-01-04,1.99,278923.0,139835.0,418758.0
2012-01-03,1.88,347027.0,184834.0,531861.0
2011-12-30,1.49,182902.0,122837.0,305739.0
2011-12-29,2.8,262557.0,93854.0,356411.0
2011-12-28,2.19,205176.0,93786.0,298962.0
2011-12-27,1.38,129409.0,94024.0,223433.0
2011-12-23,1.84,234703.0,127814.0,362517.0
2011-12-22,3.06,453426.0,148270.0,601696.0
2011-12-21,2.53,513548.0,203292.0,716840.0
2011-12-20,1.25,264452.0,212281.0,476733.0
2011-12-19,1.6,291189.0,182087.0,473276.0
2011-12-16,1.36,411954.0,303356.0,715310.0
2011-12-15,1.8,612975.0,339758.0,952733.0
2011-12-14,1.74,658207.0,378966.0,1037173.0
2011-12-13,1.57,705256.0,450524.0,1155780.0
2011-12-12,1.66,474128.0,286346.0,760474.0
2011-12-09,1.61,556758.0,346567.0,903325.0
2011-12-08,1.23,413714.0,335544.0,749258.0
2011-12-07,1.17,392427.0,336097.0,728524.0
2011-12-06,1.4,379354.0,271701.0,651055.0
2011-12-05,1.52,446912.0,294585.0,741497.0
2011-12-02,1.67,465757.0,279463.0,745220.0
2011-12-01,1.54,477368.0,308980.0,786348.0
2011-11-30,2.33,706361.0,303182.0,1009543.0
2011-11-29,2.07,414480.0,200642.0,615122.0
2011-11-28,2.71,390236.0,144260.0,534496.0
2011-11-25,1.88,289543.0,154355.0,443898.0
2011-11-23,2.16,727227.0,336919.0,1064146.0
2011-11-22,1.66,461933.0,279092.0,741025.0
2011-11-21,1.81,517185.0,285296.0,802481.0
2011-11-18,1.05,414503.0,394695.0,809198.0
2011-11-17,2.14,1044452.0,488053.0,1532505.0
2011-11-16,2.54,951672.0,373980.0,1325652.0
2011-11-15,1.59,467814.0,294739.0,762553.0
2011-11-14,1.2,446063.0,372538.0,818601.0
2011-11-11,1.48,430765.0,290576.0,721341.0
2011-11-10,1.96,416434.0,211948.0,628382.0
2011-11-09,2.17,711870.0,328508.0,1040378.0
2011-11-08,1.91,458585.0,240253.0,698838.0
2011-11-07,2.3,350127.0,152519.0,502646.0
2011-11-04,1.57,336525.0,214469.0,550994.0
2011-11-03,1.55,505289.0,325189.0,830478.0
2011-11-02,2.29,441762.0,193119.0,634881.0
2011-11-01,2.29,760626.0,331572.0,1092198.0
2011-10-31,3.02,526876.0,174573.0,701449.0
2011-10-28,1.54,429693.0,278463.0,708156.0
2011-10-27,1.6,821580.0,511936.0,1333516.0
2011-10-26,1.63,290404.0,178656.0,469060.0
2011-10-25,1.94,341674.0,176088.0,517762.0
2011-10-24,2.24,719191.0,321049.0,1040240.0
2011-10-21,2.12,606638.0,286048.0,892686.0
2011-10-20,1.4,666036.0,474937.0,1140973.0
2011-10-19,1.78,872288.0,490057.0,1362345.0
2011-10-18,1.64,539476.0,329739.0,869215.0
2011-10-17,2.05,573795.0,279826.0,853621.0
2011-10-14,1.71,502700.0,293517.0,796217.0
2011-10-13,1.4,412365.0,294270.0,706635.0
2011-10-12,1.7,747380.0,438982.0,1186362.0
2011-10-11,1.9,486149.0,255436.0,741585.0
2011-10-10,1.96,509134.0,260065.0,769199.0
2011-10-07,2.16,559075.0,258329.0,817404.0
2011-10-06,1.7,646717.0,381298.0,1028015.0
2011-10-05,1.91,588192.0,308355.0,896547.0
2011-10-04,1.98,885824.0,448183.0,1334007.0
2011-10-03,2.29,688758.0,301073.0,989831.0
2011-09-30,1.49,449586.0,300953.0,750539.0
2011-09-29,2.2,476797.0,217102.0,693899.0
2011-09-28,2.45,412611.0,168726.0,581337.0
2011-09-27,1.82,532471.0,292619.0,825090.0
2011-09-26,1.86,373691.0,201220.0,574911.0
2011-09-23,1.31,475432.0,363289.0,838721.0
2011-09-22,2.75,840713.0,305208.0,1145921.0
2011-09-21,2.66,919674.0,345973.0,1265647.0
2011-09-20,1.91,399160.0,208669.0,607829.0
2011-09-19,2.33,352373.0,151291.0,503664.0
2011-09-16,1.76,536185.0,305377.0,841562.0
2011-09-15,1.28,770832.0,602171.0,1373003.0
2011-09-14,1.49,782607.0,523922.0,1306529.0
2011-09-13,1.71,714627.0,418285.0,1132912.0
2011-09-12,2.2,795196.0,360948.0,1156144.0
2011-09-09,1.8,972308.0,540561.0,1512869.0
2011-09-08,1.26,486617.0,384749.0,871366.0
2011-09-07,1.98,679398.0,342755.0,1022153.0
2011-09-06,1.88,627915.0,334315.0,962230.0
2011-09-02,1.88,623742.0,332355.0,956097.0
2011-09-01,1.78,616683.0,345739.0,962422.0
2011-08-31,1.4,563966.0,401887.0,965853.0
2011-08-30,1.84,550027.0,299463.0,849490.0
2011-08-29,2.26,670986.0,297343.0,968329.0
2011-08-26,1.65,599471.0,363738.0,963209.0
2011-08-25,1.72,442292.0,256641.0,698933.0
2011-08-24,1.73,634390.0,367648.0,1002038.0
2011-08-23,1.78,587142.0,330109.0,917251.0
2011-08-22,2.01,498034.0,248141.0,746175.0
2011-08-19,1.67,674209.0,403124.0,1077333.0
2011-08-18,1.94,1268533.0,654950.0,1923483.0
2011-08-17,2.19,1003554.0,457332.0,1460886.0
2011-08-16,1.4,671094.0,478242.0,1149336.0
2011-08-15,2.1,738586.0,351876.0,1090462.0
2011-08-12,1.79,762312.0,426792.0,1189104.0
2011-08-11,1.38,875151.0,634528.0,1509679.0
2011-08-10,1.74,920441.0,529725.0,1450166.0
2011-08-09,2.64,1448237.0,549192.0,1997429.0
2011-08-08,2.04,1440873.0,704645.0,2145518.0
2011-08-05,2.59,1552718.0,599925.0,2152643.0
2011-08-04,2.24,1176255.0,526020.0,1702275.0
2011-08-03,1.51,764846.0,505187.0,1270033.0
2011-08-02,2.1,872419.0,415921.0,1288340.0
2011-08-01,2.41,636053.0,263904.0,899957.0
2011-07-29,2.3,719899.0,312336.0,1032235.0
2011-07-28,1.6,388386.0,243443.0,631829.0
2011-07-27,2.92,602797.0,206723.0,809520.0
2011-07-26,1.99,259020.0,130485.0,389505.0
2011-07-25,1.65,317712.0,192577.0,510289.0
2011-07-22,1.58,328293.0,208421.0,536714.0
2011-07-21,1.16,413207.0,355211.0,768418.0
2011-07-20,1.98,420963.0,213021.0,633984.0
2011-07-19,1.63,307003.0,188866.0,495869.0
2011-07-18,1.99,502246.0,252767.0,755013.0
2011-07-15,2.48,492180.0,198091.0,690271.0
2011-07-14,2.0,749008.0,373574.0,1122582.0
2011-07-13,1.86,506197.0,272384.0,778581.0
2011-07-12,2.24,659525.0,294216.0,953741.0
2011-07-11,2.88,727041.0,252068.0,979109.0
2011-07-08,1.65,440601.0,266881.0,707482.0
2011-07-07,1.15,605708.0,528489.0,1134197.0
2011-07-06,2.04,403748.0,197464.0,601212.0
2011-07-05,1.87,476711.0,254361.0,731072.0
2011-07-01,1.3,575081.0,441808.0,1016889.0
2011-06-30,1.38,582471.0,422853.0,1005324.0
2011-06-29,1.4,444858.0,317250.0,762108.0
2011-06-28,1.43,462199.0,324349.0,786548.0
2011-06-27,2.42,419974.0,173358.0,593332.0
2011-06-24,2.11,421362.0,199455.0,620817.0
2011-06-23,2.41,543128.0,225471.0,768599.0
2011-06-22,2.01,350585.0,174710.0,525295.0
2011-06-21,1.57,489171.0,310657.0,799828.0
2011-06-20,1.65,350213.0,211726.0,561939.0
2011-06-17,2.03,457340.0,225314.0,682654.0
2011-06-16,1.92,789141.0,411952.0,1201093.0
2011-06-15,2.86,1182448.0,413868.0,1596316.0
2011-06-14,1.5,585602.0,389228.0,974830.0
2011-06-13,1.67,520904.0,312657.0,833561.0
2011-06-10,1.77,598930.0,337467.0,936397.0
2011-06-09,1.43,392746.0,275428.0,668174.0
2011-06-08,1.77,526274.0,296987.0,823261.0
2011-06-07,1.4,450517.0,321605.0,772122.0
2011-06-06,1.46,487194.0,333513.0,820707.0
2011-06-03,2.23,539584.0,242083.0,781667.0
2011-06-02,1.61,388469.0,242022.0,630491.0
2011-06-01,2.19,530877.0,242795.0,773672.0
2011-05-31,1.61,256706.0,159424.0,416130.0
2011-05-27,1.2,271929.0,226106.0,498035.0
2011-05-26,1.76,397749.0,225802.0,623551.0
2011-05-25,1.3,265495.0,203590.0,469085.0
2011-05-24,1.84,298364.0,162275.0,460639.0
2011-05-23,2.13,557752.0,262073.0,819825.0
2011-05-20,2.08,471665.0,227136.0,698801.0
2011-05-19,1.8,648881.0,360091.0,1008972.0
2011-05-18,1.15,524719.0,455723.0,980442.0
2011-05-17,1.89,553411.0,292448.0,845859.0
2011-05-16,1.88,434100.0,231165.0,665265.0
2011-05-13,1.81,337124.0,186281.0,523405.0
2011-05-12,1.8,329366.0,182716.0,512082.0
2011-05-11,2.2,443775.0,201536.0,645311.0
2011-05-10,1.54,280090.0,181972.0,462062.0
2011-05-09,1.94,211882.0,109438.0,321320.0
2011-05-06,1.85,390609.0,211060.0,601669.0
2011-05-05,1.94,396330.0,204708.0,601038.0
2011-05-04,2.08,292007.0,140614.0,432621.0
2011-05-03,1.84,350750.0,190184.0,540934.0
2011-05-02,1.38,328867.0,238717.0,567584.0
2011-04-29,1.75,468509.0,267411.0,735920.0
2011-04-28,1.96,358727.0,183078.0,541805.0
2011-04-27,1.21,278929.0,230735.0,509664.0
2011-04-26,1.15,333044.0,290054.0,623098.0
2011-04-25,1.3,118276.0,90837.0,209113.0
2011-04-21,1.6,371682.0,232710.0,604392.0
2011-04-20,2.17,563761.0,260028.0,823789.0
2011-04-19,1.17,263777.0,226306.0,490083.0
2011-04-18,1.81,341162.0,188450.0,529612.0
2011-04-15,2.14,423879.0,198100.0,621979.0
2011-04-14,1.58,603043.0,381694.0,984737.0
2011-04-13,1.68,401680.0,238448.0,640128.0
2011-04-12,1.5,480351.0,321063.0,801414.0
2011-04-11,1.37,316288.0,230973.0,547261.0
2011-04-08,1.73,393125.0,227537.0,620662.0
2011-04-07,1.93,335297.0,173831.0,509128.0
2011-04-06,1.48,245411.0,165849.0,411260.0
2011-04-05,1.69,357147.0,210989.0,568136.0
2011-04-04,2.15,351528.0,163851.0,515379.0
2011-04-01,2.22,550947.0,248062.0,799009.0
2011-03-31,2.1,324664.0,154341.0,479005.0
2011-03-30,1.49,331270.0,222347.0,553617.0
2011-03-29,1.73,237514.0,137199.0,374713.0
2011-03-28,1.82,308909.0,170187.0,479096.0
2011-03-25,1.99,431083.0,216323.0,647406.0
2011-03-24,2.23,391567.0,175675.0,567242.0
2011-03-23,1.4,301774.0,215825.0,517599.0
2011-03-22,1.98,352837.0,178191.0,531028.0
2011-03-21,2.0,474915.0,237775.0,712690.0
2011-03-18,2.02,475254.0,234963.0,710217.0
2011-03-17,2.17,842651.0,388710.0,1231361.0
2011-03-16,2.51,1177409.0,468162.0,1645571.0
2011-03-15,1.69,718903.0,424336.0,1143239.0
2011-03-14,1.8,606242.0,336106.0,942348.0
2011-03-11,2.08,450596.0,217141.0,667737.0
2011-03-10,1.35,432281.0,319583.0,751864.0
2011-03-09,2.27,365063.0,160827.0,525890.0
2011-03-08,1.55,482187.0,310874.0,793061.0
2011-03-07,2.28,324997.0,142290.0,467287.0
2011-03-04,1.98,440799.0,223184.0,663983.0
2011-03-03,1.6,429925.0,268639.0,698564.0
2011-03-02,2.02,373438.0,184930.0,558368.0
2011-03-01,2.31,477889.0,206728.0,684617.0
2011-02-28,2.3,356714.0,155372.0,512086.0
2011-02-25,1.88,423019.0,224422.0,647441.0
2011-02-24,2.59,472217.0,182365.0,654582.0
2011-02-23,1.37,398733.0,291055.0,689788.0
2011-02-22,2.51,492638.0,196518.0,689156.0
2011-02-18,2.75,489717.0,177837.0,667554.0
2011-02-17,1.22,471153.0,387277.0,858430.0
2011-02-16,1.88,788840.0,420641.0,1209481.0
2011-02-15,1.79,349492.0,195773.0,545265.0
2011-02-14,2.09,456977.0,218383.0,675360.0
2011-02-11,1.84,448735.0,243787.0,692522.0
2011-02-10,1.66,256436.0,154873.0,411309.0
2011-02-09,1.46,413857.0,284144.0,698001.0
2011-02-08,1.37,327761.0,238876.0,566637.0
2011-02-07,1.85,371542.0,201266.0,572808.0
2011-02-04,1.85,319476.0,172701.0,492177.0
2011-02-03,1.67,317349.0,190429.0,507778.0
2011-02-02,2.35,275503.0,117182.0,392685.0
2011-02-01,1.21,423162.0,350111.0,773273.0
2011-01-31,3.06,453935.0,148255.0,602190.0
2011-01-28,2.31,614933.0,266085.0,881018.0
2011-01-27,2.66,443392.0,166634.0,610026.0
2011-01-26,1.06,321204.0,303675.0,624879.0
2011-01-25,2.44,386234.0,158497.0,544731.0
2011-01-24,2.06,288865.0,140098.0,428963.0
2011-01-21,1.57,374895.0,239100.0,613995.0
2011-01-20,1.65,544906.0,331153.0,876059.0
2011-01-19,2.28,923136.0,404894.0,1328030.0
2011-01-18,1.48,433990.0,293000.0,726990.0
2011-01-14,1.46,361425.0,247644.0,609069.0
2011-01-13,1.39,323465.0,232643.0,556108.0
2011-01-12,1.29,386800.0,300364.0,687164.0
2011-01-11,1.9,391935.0,206034.0,597969.0
2011-01-10,1.59,215179.0,135231.0,350410.0
2011-01-07,1.79,348059.0,194346.0,542405.0
2011-01-06,0.86,317821.0,370381.0,688202.0
2011-01-05,1.81,378145.0,209030.0,587175.0
2011-01-04,1.5,260938.0,174445.0,435383.0
2011-01-03,1.41,399556.0,284217.0,683773.0
2010-12-31,1.97,168654.0,85563.0,254217.0
2010-12-30,2.31,240358.0,103930.0,344288.0
2010-12-29,1.74,173045.0,99667.0,272712.0
2010-12-28,1.45,164714.0,113358.0,278072.0
2010-12-27,2.06,109844.0,53326.0,163170.0
2010-12-23,1.96,221915.0,113384.0,335299.0
2010-12-22,2.75,426163.0,154970.0,581133.0
2010-12-21,1.54,259066.0,168290.0,427356.0
2010-12-20,1.92,251959.0,131482.0,383441.0
2010-12-17,2.45,434691.0,177767.0,612458.0
2010-12-16,1.1,332072.0,302961.0,635033.0
2010-12-15,1.12,364332.0,325835.0,690167.0
2010-12-14,1.1,360020.0,326470.0,686490.0
2010-12-13,1.26,379467.0,301426.0,680893.0
2010-12-10,1.48,480090.0,324017.0,804107.0
2010-12-09,1.33,344052.0,259315.0,603367.0
2010-12-08,2.05,409138.0,199800.0,608938.0
2010-12-07,1.29,446408.0,347344.0,793752.0
2010-12-06,1.32,343677.0,261073.0,604750.0
2010-12-03,1.31,316799.0,241539.0,558338.0
2010-12-02,1.58,440526.0,279162.0,719688.0
2010-12-01,1.67,433978.0,260012.0,693990.0
2010-11-30,2.12,342442.0,161303.0,503745.0
2010-11-29,2.24,339116.0,151633.0,490749.0
2010-11-26,2.07,142332.0,68602.0,210934.0
2010-11-24,2.0,301226.0,150502.0,451728.0
2010-11-23,1.99,360070.0,181312.0,541382.0
2010-11-22,2.21,345343.0,156142.0,501485.0
2010-11-19,1.09,354882.0,324830.0,679712.0
2010-11-18,1.19,559045.0,468464.0,1027509.0
2010-11-17,1.6,647764.0,405506.0,1053270.0
2010-11-16,1.8,688513.0,382553.0,1071066.0
2010-11-15,1.46,282617.0,193520.0,476137.0
2010-11-12,1.22,482395.0,394483.0,876878.0
2010-11-11,1.64,264923.0,161571.0,426494.0
2010-11-10,1.61,332418.0,206909.0,539327.0
2010-11-09,1.59,328221.0,206254.0,534475.0
2010-11-08,1.25,267589.0,214469.0,482058.0
2010-11-05,1.62,457927.0,282470.0,740397.0
2010-11-04,1.73,821214.0,474096.0,1295310.0
2010-11-03,1.97,340559.0,172666.0,513225.0
2010-11-02,1.21,237656.0,196660.0,434316.0
2010-11-01,2.57,332110.0,129011.0,461121.0
2010-10-29,3.37,412796.0,122416.0,535212.0
2010-10-28,2.22,372243.0,167631.0,539874.0
2010-10-27,2.15,354334.0,164490.0,518824.0
2010-10-26,1.97,324875.0,164611.0,489486.0
2010-10-25,1.91,366773.0,191817.0,558590.0
2010-10-22,1.06,270423.0,255459.0,525882.0
2010-10-21,1.7,395101.0,231824.0,626925.0
2010-10-20,1.93,636058.0,330030.0,966088.0
2010-10-19,1.46,311205.0,213441.0,524646.0
2010-10-18,1.45,258230.0,178633.0,436863.0
2010-10-15,2.85,402112.0,140893.0,543005.0
2010-10-14,1.49,602603.0,404512.0,1007115.0
2010-10-13,1.27,719009.0,566538.0,1285547.0
2010-10-12,1.79,391360.0,218347.0,609707.0
2010-10-11,1.49,435530.0,292632.0,728162.0
2010-10-08,1.69,342152.0,202901.0,545053.0
2010-10-07,1.38,311060.0,225162.0,536222.0
2010-10-06,1.43,291673.0,203528.0,495201.0
2010-10-05,1.16,423086.0,364935.0,788021.0
2010-10-04,1.48,284004.0,191362.0,475366.0
2010-10-01,1.32,250192.0,189120.0,439312.0
2010-09-30,1.76,306815.0,174032.0,480847.0
2010-09-29,1.42,273665.0,192207.0,465872.0
2010-09-28,2.36,356450.0,151125.0,507575.0
2010-09-27,1.73,285811.0,165309.0,451120.0
2010-09-24,1.57,325244.0,206797.0,532041.0
2010-09-23,1.7,238462.0,140564.0,379026.0
2010-09-22,2.14,335991.0,157311.0,493302.0
2010-09-21,2.01,479147.0,238532.0,717679.0
2010-09-20,2.16,434344.0,200634.0,634978.0
2010-09-17,2.4,398714.0,166039.0,564753.0
2010-09-16,1.03,519709.0,505167.0,1024876.0
2010-09-15,1.53,692490.0,453308.0,1145798.0
2010-09-14,1.58,543980.0,344231.0,888211.0
2010-09-13,0.92,446342.0,486545.0,932887.0
2010-09-10,1.95,457802.0,234282.0,692084.0
2010-09-09,1.88,491183.0,261832.0,753015.0
2010-09-08,2.04,402237.0,197068.0,599305.0
2010-09-07,2.0,325774.0,163212.0,488986.0
2010-09-03,2.08,458007.0,220653.0,678660.0
2010-09-02,1.31,274573.0,210312.0,484885.0
2010-09-01,1.21,528544.0,438618.0,967162.0
2010-08-31,1.82,299674.0,164500.0,464174.0
2010-08-30,3.04,361417.0,118995.0,480412.0
2010-08-27,1.11,381093.0,343799.0,724892.0
2010-08-26,1.47,353615.0,240743.0,594358.0
2010-08-25,1.97,414968.0,210619.0,625587.0
2010-08-24,0.87,253205.0,290972.0,544177.0
2010-08-23,1.78,285260.0,160060.0,445320.0
2010-08-20,2.03,471009.0,232471.0,703480.0
2010-08-19,1.31,581072.0,442228.0,1023300.0
2010-08-18,1.92,692770.0,361525.0,1054295.0
2010-08-17,1.72,462916.0,269395.0,732311.0
2010-08-16,1.55,381664.0,246236.0,627900.0
2010-08-13,1.83,274615.0,149993.0,424608.0
2010-08-12,2.98,444674.0,149367.0,594041.0
2010-08-11,1.64,476682.0,291174.0,767856.0
2010-08-10,2.49,311464.0,125181.0,436645.0
2010-08-09,2.01,234983.0,117091.0,352074.0
2010-08-06,1.74,279442.0,160365.0,439807.0
2010-08-05,2.67,287807.0,107609.0,395416.0
2010-08-04,3.29,333891.0,101417.0,435308.0
2010-08-03,1.27,246879.0,194021.0,440900.0
2010-08-02,2.1,413466.0,196904.0,610370.0
2010-07-30,1.18,228363.0,193948.0,422311.0
2010-07-29,1.74,207817.0,119150.0,326967.0
2010-07-28,1.99,211544.0,106265.0,317809.0
2010-07-27,1.4,279835.0,200452.0,480287.0
2010-07-26,1.7,256861.0,151049.0,407910.0
2010-07-23,1.59,296888.0,186205.0,483093.0
2010-07-22,1.27,229104.0,180425.0,409529.0
2010-07-21,2.48,496196.0,199764.0,695960.0
2010-07-20,1.49,258007.0,173110.0,431117.0
2010-07-19,1.76,277724.0,158190.0,435914.0
2010-07-16,2.22,416822.0,187961.0,604783.0
2010-07-15,0.87,365810.0,421520.0,787330.0
2010-07-14,1.01,475499.0,469171.0,944670.0
2010-07-13,1.25,652349.0,519892.0,1172241.0
2010-07-12,1.49,421390.0,283127.0,704517.0
2010-07-09,1.2,376805.0,315132.0,691937.0
2010-07-08,1.12,280436.0,251021.0,531457.0
2010-07-07,0.91,302882.0,331481.0,634363.0
2010-07-06,1.91,446308.0,233843.0,680151.0
